[
	{
		"id": "4074",
		"name": "Hackney North and Stoke Newington"
	},
	{
		"id": "4117",
		"name": "Ipswich"
	},
	{
		"id": "4230",
		"name": "Oldham East and Saddleworth"
	},
	{
		"id": "4142",
		"name": "Leicester South"
	},
	{
		"id": "4477",
		"name": "Glasgow South West"
	},
	{
		"id": "4204",
		"name": "North Durham"
	},
	{
		"id": "4316",
		"name": "Southend East and Rochford"
	},
	{
		"id": "4396",
		"name": "Weston-super-Mare"
	},
	{
		"id": "4485",
		"name": "Lothian East"
	},
	{
		"id": "4352",
		"name": "Swindon South"
	},
	{
		"id": "4214",
		"name": "North Somerset"
	},
	{
		"id": "3901",
		"name": "Bethnal Green and Stepney"
	},
	{
		"id": "3909",
		"name": "Birmingham Hall Green and Moseley"
	},
	{
		"id": "4365",
		"name": "Tooting"
	},
	{
		"id": "4432",
		"name": "North Antrim"
	},
	{
		"id": "4355",
		"name": "Taunton and Wellington"
	},
	{
		"id": "3956",
		"name": "Buckingham and Bletchley"
	},
	{
		"id": "4249",
		"name": "Putney"
	},
	{
		"id": "3883",
		"name": "Ashfield"
	},
	{
		"id": "4308",
		"name": "South Shropshire"
	},
	{
		"id": "4007",
		"name": "Daventry"
	},
	{
		"id": "4512",
		"name": "Gower"
	},
	{
		"id": "4211",
		"name": "North Norfolk"
	},
	{
		"id": "4172",
		"name": "Melton and Syston"
	},
	{
		"id": "4470",
		"name": "Edinburgh South West"
	},
	{
		"id": "4159",
		"name": "Lowestoft"
	},
	{
		"id": "4391",
		"name": "West Ham and Beckton"
	},
	{
		"id": "4116",
		"name": "Ilford South"
	},
	{
		"id": "4158",
		"name": "Louth and Horncastle"
	},
	{
		"id": "4008",
		"name": "Derby North"
	},
	{
		"id": "4346",
		"name": "Sunderland Central"
	},
	{
		"id": "4034",
		"name": "Eastbourne"
	},
	{
		"id": "4232",
		"name": "Orpington"
	},
	{
		"id": "4217",
		"name": "North West Essex"
	},
	{
		"id": "4149",
		"name": "Leyton and Wanstead"
	},
	{
		"id": "4254",
		"name": "Reading West and Mid Berkshire"
	},
	{
		"id": "4324",
		"name": "St Helens North"
	},
	{
		"id": "3878",
		"name": "Aldershot"
	},
	{
		"id": "4479",
		"name": "Glenrothes and Mid Fife"
	},
	{
		"id": "4394",
		"name": "West Worcestershire"
	},
	{
		"id": "4076",
		"name": "Halesowen"
	},
	{
		"id": "4362",
		"name": "Tipton and Wednesbury"
	},
	{
		"id": "4205",
		"name": "North East Cambridgeshire"
	},
	{
		"id": "4155",
		"name": "Liverpool Wavertree"
	},
	{
		"id": "3994",
		"name": "Corby and East Northamptonshire"
	},
	{
		"id": "4507",
		"name": "Cardiff West"
	},
	{
		"id": "4491",
		"name": "Paisley and Renfrewshire South"
	},
	{
		"id": "4373",
		"name": "Uxbridge and South Ruislip"
	},
	{
		"id": "3919",
		"name": "Blackpool North and Fleetwood"
	},
	{
		"id": "4179",
		"name": "Mid Leicestershire"
	},
	{
		"id": "4438",
		"name": "West Tyrone"
	},
	{
		"id": "4245",
		"name": "Poplar and Limehouse"
	},
	{
		"id": "4523",
		"name": "Swansea West"
	},
	{
		"id": "4138",
		"name": "Leeds South"
	},
	{
		"id": "4181",
		"name": "Mid Sussex"
	},
	{
		"id": "3945",
		"name": "Brighton Pavilion"
	},
	{
		"id": "4285",
		"name": "Sheffield South East"
	},
	{
		"id": "4173",
		"name": "Meriden and Solihull East"
	},
	{
		"id": "4031",
		"name": "East Thanet"
	},
	{
		"id": "4055",
		"name": "Forest of Dean"
	},
	{
		"id": "4085",
		"name": "Harrow East"
	},
	{
		"id": "4449",
		"name": "Aberdeen North"
	},
	{
		"id": "4283",
		"name": "Sheffield Hallam"
	},
	{
		"id": "3987",
		"name": "Cities of London and Westminster"
	},
	{
		"id": "4256",
		"name": "Redditch"
	},
	{
		"id": "4101",
		"name": "Heywood and Middleton North"
	},
	{
		"id": "4331",
		"name": "Stevenage"
	},
	{
		"id": "4305",
		"name": "South Northamptonshire"
	},
	{
		"id": "4233",
		"name": "Ossett and Denby Dale"
	},
	{
		"id": "4448",
		"name": "West Aberdeenshire and Kincardine"
	},
	{
		"id": "4409",
		"name": "Wolverhampton North East"
	},
	{
		"id": "4329",
		"name": "Staffordshire Moorlands"
	},
	{
		"id": "3979",
		"name": "Chester South and Eddisbury"
	},
	{
		"id": "4087",
		"name": "Hartlepool"
	},
	{
		"id": "4048",
		"name": "Fareham and Waterlooville"
	},
	{
		"id": "4207",
		"name": "North East Hampshire"
	},
	{
		"id": "3927",
		"name": "Bolton West"
	},
	{
		"id": "3981",
		"name": "Chichester"
	},
	{
		"id": "4522",
		"name": "Rhondda and Ogmore"
	},
	{
		"id": "4288",
		"name": "Shrewsbury"
	},
	{
		"id": "3940",
		"name": "Brentwood and Ongar"
	},
	{
		"id": "4135",
		"name": "Leeds East"
	},
	{
		"id": "4475",
		"name": "Glasgow North East"
	},
	{
		"id": "4317",
		"name": "Southend West and Leigh"
	},
	{
		"id": "3937",
		"name": "Brent East"
	},
	{
		"id": "4156",
		"name": "Liverpool West Derby"
	},
	{
		"id": "3910",
		"name": "Birmingham Hodge Hill and Solihull North"
	},
	{
		"id": "3939",
		"name": "Brentford and Isleworth"
	},
	{
		"id": "3888",
		"name": "Barking"
	},
	{
		"id": "4372",
		"name": "Tynemouth"
	},
	{
		"id": "4426",
		"name": "East Londonderry"
	},
	{
		"id": "4446",
		"name": "North Ayrshire and Arran"
	},
	{
		"id": "3955",
		"name": "Broxtowe"
	},
	{
		"id": "4239",
		"name": "Penrith and Solway"
	},
	{
		"id": "4039",
		"name": "Ely and East Cambridgeshire"
	},
	{
		"id": "4154",
		"name": "Liverpool Walton"
	},
	{
		"id": "4216",
		"name": "North West Cambridgeshire"
	},
	{
		"id": "4447",
		"name": "Orkney and Shetland"
	},
	{
		"id": "3914",
		"name": "Birmingham Selly Oak"
	},
	{
		"id": "4309",
		"name": "South Suffolk"
	},
	{
		"id": "4500",
		"name": "Brecon, Radnor and Cwm Tawe"
	},
	{
		"id": "4489",
		"name": "North East Fife"
	},
	{
		"id": "4402",
		"name": "Winchester"
	},
	{
		"id": "4267",
		"name": "Rotherham"
	},
	{
		"id": "4318",
		"name": "Southgate and Wood Green"
	},
	{
		"id": "4420",
		"name": "York Outer"
	},
	{
		"id": "3986",
		"name": "Christchurch"
	},
	{
		"id": "4210",
		"name": "North Herefordshire"
	},
	{
		"id": "4040",
		"name": "Enfield North"
	},
	{
		"id": "3936",
		"name": "Braintree"
	},
	{
		"id": "4201",
		"name": "North Cotswolds"
	},
	{
		"id": "3954",
		"name": "Broxbourne"
	},
	{
		"id": "4016",
		"name": "Dorking and Horley"
	},
	{
		"id": "3975",
		"name": "Chelsea and Fulham"
	},
	{
		"id": "3958",
		"name": "Burton and Uttoxeter"
	},
	{
		"id": "4187",
		"name": "Morecambe and Lunesdale"
	},
	{
		"id": "4412",
		"name": "Worcester"
	},
	{
		"id": "4083",
		"name": "Harpenden and Berkhamsted"
	},
	{
		"id": "3898",
		"name": "Beckenham and Penge"
	},
	{
		"id": "4389",
		"name": "West Bromwich"
	},
	{
		"id": "4176",
		"name": "Mid Cheshire"
	},
	{
		"id": "4414",
		"name": "Worthing West"
	},
	{
		"id": "4322",
		"name": "St Albans"
	},
	{
		"id": "4462",
		"name": "Dumfries and Galloway"
	},
	{
		"id": "4243",
		"name": "Pontefract, Castleford and Knottingley"
	},
	{
		"id": "4120",
		"name": "Islington North"
	},
	{
		"id": "4303",
		"name": "South Leicestershire"
	},
	{
		"id": "4024",
		"name": "Ealing Southall"
	},
	{
		"id": "4030",
		"name": "East Surrey"
	},
	{
		"id": "4367",
		"name": "Torridge and Tavistock"
	},
	{
		"id": "3991",
		"name": "Colchester"
	},
	{
		"id": "3900",
		"name": "Bermondsey and Old Southwark"
	},
	{
		"id": "4361",
		"name": "Thurrock"
	},
	{
		"id": "3995",
		"name": "Coventry East"
	},
	{
		"id": "4378",
		"name": "Walthamstow"
	},
	{
		"id": "4443",
		"name": "Na h-Eileanan an Iar"
	},
	{
		"id": "4480",
		"name": "Gordon and Buchan"
	},
	{
		"id": "4427",
		"name": "Fermanagh and South Tyrone"
	},
	{
		"id": "3934",
		"name": "Bradford South"
	},
	{
		"id": "4185",
		"name": "Milton Keynes North"
	},
	{
		"id": "4146",
		"name": "Lewisham East"
	},
	{
		"id": "4277",
		"name": "Scunthorpe"
	},
	{
		"id": "4392",
		"name": "West Lancashire"
	},
	{
		"id": "4418",
		"name": "Yeovil"
	},
	{
		"id": "4366",
		"name": "Torbay"
	},
	{
		"id": "4184",
		"name": "Milton Keynes Central"
	},
	{
		"id": "4127",
		"name": "Kingston and Surbiton"
	},
	{
		"id": "4502",
		"name": "Caerfyrddin"
	},
	{
		"id": "4068",
		"name": "Grantham and Bourne"
	},
	{
		"id": "4177",
		"name": "Mid Derbyshire"
	},
	{
		"id": "4027",
		"name": "East Grinstead and Uckfield"
	},
	{
		"id": "3992",
		"name": "Colne Valley"
	},
	{
		"id": "4356",
		"name": "Telford"
	},
	{
		"id": "4521",
		"name": "Pontypridd"
	},
	{
		"id": "4065",
		"name": "Goole and Pocklington"
	},
	{
		"id": "3896",
		"name": "Battersea"
	},
	{
		"id": "3968",
		"name": "Carshalton and Wallington"
	},
	{
		"id": "4098",
		"name": "Hertford and Stortford"
	},
	{
		"id": "4077",
		"name": "Halifax"
	},
	{
		"id": "3946",
		"name": "Bristol Central"
	},
	{
		"id": "3942",
		"name": "Bridlington and The Wolds"
	},
	{
		"id": "4292",
		"name": "Slough"
	},
	{
		"id": "4006",
		"name": "Dartford"
	},
	{
		"id": "4191",
		"name": "Newbury"
	},
	{
		"id": "4067",
		"name": "Gosport"
	},
	{
		"id": "4287",
		"name": "Shipley"
	},
	{
		"id": "3978",
		"name": "Chester North and Neston"
	},
	{
		"id": "4234",
		"name": "Oxford East"
	},
	{
		"id": "4089",
		"name": "Hastings and Rye"
	},
	{
		"id": "4454",
		"name": "Angus and Perthshire Glens"
	},
	{
		"id": "4506",
		"name": "Cardiff South and Penarth"
	},
	{
		"id": "3928",
		"name": "Bootle"
	},
	{
		"id": "4099",
		"name": "Hertsmere"
	},
	{
		"id": "4465",
		"name": "Dunfermline and Dollar"
	},
	{
		"id": "3966",
		"name": "Canterbury"
	},
	{
		"id": "3982",
		"name": "Chingford and Woodford Green"
	},
	{
		"id": "4244",
		"name": "Poole"
	},
	{
		"id": "4062",
		"name": "Glastonbury and Somerton"
	},
	{
		"id": "4376",
		"name": "Wallasey"
	},
	{
		"id": "4152",
		"name": "Liverpool Garston"
	},
	{
		"id": "4433",
		"name": "North Down"
	},
	{
		"id": "4428",
		"name": "Foyle"
	},
	{
		"id": "4429",
		"name": "Lagan Valley"
	},
	{
		"id": "4339",
		"name": "Stourbridge"
	},
	{
		"id": "4262",
		"name": "Rochester and Strood"
	},
	{
		"id": "4353",
		"name": "Tamworth"
	},
	{
		"id": "4038",
		"name": "Eltham and Chislehurst"
	},
	{
		"id": "3948",
		"name": "Bristol North East"
	},
	{
		"id": "4258",
		"name": "Ribble Valley"
	},
	{
		"id": "4501",
		"name": "Bridgend"
	},
	{
		"id": "3925",
		"name": "Bolton North East"
	},
	{
		"id": "4374",
		"name": "Vauxhall and Camberwell Green"
	},
	{
		"id": "4278",
		"name": "Sefton Central"
	},
	{
		"id": "4503",
		"name": "Caerphilly"
	},
	{
		"id": "4103",
		"name": "Hinckley and Bosworth"
	},
	{
		"id": "4236",
		"name": "Peckham"
	},
	{
		"id": "4151",
		"name": "Lincoln"
	},
	{
		"id": "3989",
		"name": "Clacton"
	},
	{
		"id": "3881",
		"name": "Amber Valley"
	},
	{
		"id": "4395",
		"name": "Westmorland and Lonsdale"
	},
	{
		"id": "3962",
		"name": "Calder Valley"
	},
	{
		"id": "4059",
		"name": "Gateshead Central and Whickham"
	},
	{
		"id": "4478",
		"name": "Glasgow West"
	},
	{
		"id": "4422",
		"name": "Belfast North"
	},
	{
		"id": "3924",
		"name": "Bolsover"
	},
	{
		"id": "4450",
		"name": "Aberdeen South"
	},
	{
		"id": "3998",
		"name": "Cramlington and Killingworth"
	},
	{
		"id": "4516",
		"name": "Monmouthshire"
	},
	{
		"id": "4106",
		"name": "Honiton and Sidmouth"
	},
	{
		"id": "4407",
		"name": "Woking"
	},
	{
		"id": "3952",
		"name": "Bromley and Biggin Hill"
	},
	{
		"id": "4306",
		"name": "South Ribble"
	},
	{
		"id": "3941",
		"name": "Bridgwater"
	},
	{
		"id": "4147",
		"name": "Lewisham North"
	},
	{
		"id": "3988",
		"name": "City of Durham"
	},
	{
		"id": "3904",
		"name": "Bexleyheath and Crayford"
	},
	{
		"id": "4252",
		"name": "Rayleigh and Wickford"
	},
	{
		"id": "4073",
		"name": "Guildford"
	},
	{
		"id": "4180",
		"name": "Mid Norfolk"
	},
	{
		"id": "4229",
		"name": "Old Bexley and Sidcup"
	},
	{
		"id": "3959",
		"name": "Bury North"
	},
	{
		"id": "4199",
		"name": "North Bedfordshire"
	},
	{
		"id": "4281",
		"name": "Sheffield Brightside and Hillsborough"
	},
	{
		"id": "4097",
		"name": "Herne Bay and Sandwich"
	},
	{
		"id": "3938",
		"name": "Brent West"
	},
	{
		"id": "4337",
		"name": "Stoke-on-Trent South"
	},
	{
		"id": "4416",
		"name": "Wyre Forest"
	},
	{
		"id": "4301",
		"name": "South East Cornwall"
	},
	{
		"id": "4441",
		"name": "Central Ayrshire"
	},
	{
		"id": "4326",
		"name": "St Ives"
	},
	{
		"id": "4510",
		"name": "Clwyd North"
	},
	{
		"id": "4455",
		"name": "Arbroath and Broughty Ferry"
	},
	{
		"id": "4348",
		"name": "Sussex Weald"
	},
	{
		"id": "3983",
		"name": "Chippenham"
	},
	{
		"id": "4468",
		"name": "Edinburgh North and Leith"
	},
	{
		"id": "3907",
		"name": "Birmingham Edgbaston"
	},
	{
		"id": "4363",
		"name": "Tiverton and Minehead"
	},
	{
		"id": "4509",
		"name": "Clwyd East"
	},
	{
		"id": "4275",
		"name": "Salisbury"
	},
	{
		"id": "4193",
		"name": "Newcastle upon Tyne East and Wallsend"
	},
	{
		"id": "4012",
		"name": "Didcot and Wantage"
	},
	{
		"id": "3974",
		"name": "Chelmsford"
	},
	{
		"id": "4304",
		"name": "South Norfolk"
	},
	{
		"id": "4084",
		"name": "Harrogate and Knaresborough"
	},
	{
		"id": "4228",
		"name": "Nuneaton"
	},
	{
		"id": "4250",
		"name": "Queen's Park and Maida Vale"
	},
	{
		"id": "4473",
		"name": "Glasgow East"
	},
	{
		"id": "4164",
		"name": "Maidstone and Malling"
	},
	{
		"id": "3977",
		"name": "Chesham and Amersham"
	},
	{
		"id": "4227",
		"name": "Nottingham South"
	},
	{
		"id": "3882",
		"name": "Arundel and South Downs"
	},
	{
		"id": "4513",
		"name": "Llanelli"
	},
	{
		"id": "3923",
		"name": "Bognor Regis and Littlehampton"
	},
	{
		"id": "4066",
		"name": "Gorton and Denton"
	},
	{
		"id": "4219",
		"name": "North West Leicestershire"
	},
	{
		"id": "4284",
		"name": "Sheffield Heeley"
	},
	{
		"id": "4380",
		"name": "Warrington South"
	},
	{
		"id": "4136",
		"name": "Leeds North East"
	},
	{
		"id": "3908",
		"name": "Birmingham Erdington"
	},
	{
		"id": "4423",
		"name": "Belfast South and Mid Down"
	},
	{
		"id": "4045",
		"name": "Esher and Walton"
	},
	{
		"id": "4130",
		"name": "Kingston upon Hull West and Haltemprice"
	},
	{
		"id": "4518",
		"name": "Neath and Swansea East"
	},
	{
		"id": "3969",
		"name": "Castle Point"
	},
	{
		"id": "4300",
		"name": "South Dorset"
	},
	{
		"id": "4020",
		"name": "Dulwich and West Norwood"
	},
	{
		"id": "4302",
		"name": "South Holland and The Deepings"
	},
	{
		"id": "3930",
		"name": "Bournemouth East"
	},
	{
		"id": "4052",
		"name": "Filton and Bradley Stoke"
	},
	{
		"id": "4435",
		"name": "South Down"
	},
	{
		"id": "4251",
		"name": "Rawmarsh and Conisbrough"
	},
	{
		"id": "4248",
		"name": "Preston"
	},
	{
		"id": "4296",
		"name": "South Cambridgeshire"
	},
	{
		"id": "4075",
		"name": "Hackney South and Shoreditch"
	},
	{
		"id": "4208",
		"name": "North East Hertfordshire"
	},
	{
		"id": "4237",
		"name": "Pendle and Clitheroe"
	},
	{
		"id": "4029",
		"name": "East Hampshire"
	},
	{
		"id": "4203",
		"name": "North Dorset"
	},
	{
		"id": "3895",
		"name": "Bath"
	},
	{
		"id": "4382",
		"name": "Washington and Gateshead South"
	},
	{
		"id": "3892",
		"name": "Basildon and Billericay"
	},
	{
		"id": "4359",
		"name": "Thirsk and Malton"
	},
	{
		"id": "4078",
		"name": "Hamble Valley"
	},
	{
		"id": "4161",
		"name": "Luton South and South Bedfordshire"
	},
	{
		"id": "3985",
		"name": "Chorley"
	},
	{
		"id": "4018",
		"name": "Droitwich and Evesham"
	},
	{
		"id": "4041",
		"name": "Epping Forest"
	},
	{
		"id": "4498",
		"name": "Bangor Aberconwy"
	},
	{
		"id": "4431",
		"name": "Newry and Armagh"
	},
	{
		"id": "4276",
		"name": "Scarborough and Whitby"
	},
	{
		"id": "4064",
		"name": "Godalming and Ash"
	},
	{
		"id": "4022",
		"name": "Ealing Central and Acton"
	},
	{
		"id": "4319",
		"name": "Southport"
	},
	{
		"id": "3917",
		"name": "Blackburn"
	},
	{
		"id": "3933",
		"name": "Bradford East"
	},
	{
		"id": "4328",
		"name": "Stafford"
	},
	{
		"id": "4001",
		"name": "Croydon East"
	},
	{
		"id": "4013",
		"name": "Doncaster Central"
	},
	{
		"id": "4471",
		"name": "Edinburgh West"
	},
	{
		"id": "3889",
		"name": "Barnsley North"
	},
	{
		"id": "4035",
		"name": "Eastleigh"
	},
	{
		"id": "4088",
		"name": "Harwich and North Essex"
	},
	{
		"id": "4190",
		"name": "Newark"
	},
	{
		"id": "4312",
		"name": "South West Norfolk"
	},
	{
		"id": "4195",
		"name": "Newcastle-under-Lyme"
	},
	{
		"id": "4291",
		"name": "Sleaford and North Hykeham"
	},
	{
		"id": "4129",
		"name": "Kingston upon Hull North and Cottingham"
	},
	{
		"id": "4153",
		"name": "Liverpool Riverside"
	},
	{
		"id": "4408",
		"name": "Wokingham"
	},
	{
		"id": "3949",
		"name": "Bristol North West"
	},
	{
		"id": "4514",
		"name": "Merthyr Tydfil and Aberdare"
	},
	{
		"id": "4444",
		"name": "Kilmarnock and Loudoun"
	},
	{
		"id": "4520",
		"name": "Newport West and Islwyn"
	},
	{
		"id": "4003",
		"name": "Croydon West"
	},
	{
		"id": "4320",
		"name": "Spelthorne"
	},
	{
		"id": "4293",
		"name": "Smethwick"
	},
	{
		"id": "3884",
		"name": "Ashford"
	},
	{
		"id": "4411",
		"name": "Wolverhampton West"
	},
	{
		"id": "4494",
		"name": "Stirling and Strathallan"
	},
	{
		"id": "4417",
		"name": "Wythenshawe and Sale East"
	},
	{
		"id": "4315",
		"name": "Southampton Test"
	},
	{
		"id": "4273",
		"name": "Rutland and Stamford"
	},
	{
		"id": "4143",
		"name": "Leicester West"
	},
	{
		"id": "4168",
		"name": "Manchester Rusholme"
	},
	{
		"id": "3913",
		"name": "Birmingham Perry Barr"
	},
	{
		"id": "4061",
		"name": "Gillingham and Rainham"
	},
	{
		"id": "4496",
		"name": "Aberafan Maesteg"
	},
	{
		"id": "4369",
		"name": "Truro and Falmouth"
	},
	{
		"id": "4386",
		"name": "Wellingborough and Rushden"
	},
	{
		"id": "4401",
		"name": "Wimbledon"
	},
	{
		"id": "4032",
		"name": "East Wiltshire"
	},
	{
		"id": "4019",
		"name": "Dudley"
	},
	{
		"id": "4340",
		"name": "Stratford and Bow"
	},
	{
		"id": "4111",
		"name": "Hove and Portslade"
	},
	{
		"id": "3886",
		"name": "Aylesbury"
	},
	{
		"id": "4508",
		"name": "Ceredigion Preseli"
	},
	{
		"id": "4385",
		"name": "Weald of Kent"
	},
	{
		"id": "3999",
		"name": "Crawley"
	},
	{
		"id": "4368",
		"name": "Tottenham"
	},
	{
		"id": "4440",
		"name": "Berwickshire, Roxburgh and Selkirk"
	},
	{
		"id": "3922",
		"name": "Blyth and Ashington"
	},
	{
		"id": "4464",
		"name": "Dundee Central"
	},
	{
		"id": "4323",
		"name": "St Austell and Newquay"
	},
	{
		"id": "4321",
		"name": "Spen Valley"
	},
	{
		"id": "4487",
		"name": "Moray West, Nairn and Strathspey"
	},
	{
		"id": "4058",
		"name": "Gainsborough"
	},
	{
		"id": "4453",
		"name": "Alloa and Grangemouth"
	},
	{
		"id": "4307",
		"name": "South Shields"
	},
	{
		"id": "4388",
		"name": "Welwyn Hatfield"
	},
	{
		"id": "4224",
		"name": "Norwich South"
	},
	{
		"id": "4188",
		"name": "New Forest East"
	},
	{
		"id": "4375",
		"name": "Wakefield and Rothwell"
	},
	{
		"id": "4437",
		"name": "Upper Bann"
	},
	{
		"id": "4451",
		"name": "Aberdeenshire North and Moray East"
	},
	{
		"id": "4274",
		"name": "Salford"
	},
	{
		"id": "4107",
		"name": "Hornchurch and Upminster"
	},
	{
		"id": "4071",
		"name": "Great Yarmouth"
	},
	{
		"id": "4398",
		"name": "Whitehaven and Workington"
	},
	{
		"id": "4145",
		"name": "Lewes"
	},
	{
		"id": "4223",
		"name": "Norwich North"
	},
	{
		"id": "4483",
		"name": "Inverness, Skye and West Ross-shire"
	},
	{
		"id": "4265",
		"name": "Rossendale and Darwen"
	},
	{
		"id": "4037",
		"name": "Ellesmere Port and Bromborough"
	},
	{
		"id": "4200",
		"name": "North Cornwall"
	},
	{
		"id": "4042",
		"name": "Epsom and Ewell"
	},
	{
		"id": "3911",
		"name": "Birmingham Ladywood"
	},
	{
		"id": "4090",
		"name": "Havant"
	},
	{
		"id": "4051",
		"name": "Feltham and Heston"
	},
	{
		"id": "4430",
		"name": "Mid Ulster"
	},
	{
		"id": "4218",
		"name": "North West Hampshire"
	},
	{
		"id": "4246",
		"name": "Portsmouth North"
	},
	{
		"id": "4370",
		"name": "Tunbridge Wells"
	},
	{
		"id": "4419",
		"name": "York Central"
	},
	{
		"id": "4424",
		"name": "Belfast West"
	},
	{
		"id": "4279",
		"name": "Selby"
	},
	{
		"id": "4171",
		"name": "Melksham and Devizes"
	},
	{
		"id": "4021",
		"name": "Dunstable and Leighton Buzzard"
	},
	{
		"id": "3951",
		"name": "Broadland and Fakenham"
	},
	{
		"id": "4406",
		"name": "Witney"
	},
	{
		"id": "4495",
		"name": "West Dunbartonshire"
	},
	{
		"id": "3947",
		"name": "Bristol East"
	},
	{
		"id": "4482",
		"name": "Inverclyde and Renfrewshire West"
	},
	{
		"id": "4186",
		"name": "Mitcham and Morden"
	},
	{
		"id": "4182",
		"name": "Middlesbrough and Thornaby East"
	},
	{
		"id": "4333",
		"name": "Stockton North"
	},
	{
		"id": "4091",
		"name": "Hayes and Harlington"
	},
	{
		"id": "4442",
		"name": "East Renfrewshire"
	},
	{
		"id": "4005",
		"name": "Darlington"
	},
	{
		"id": "4410",
		"name": "Wolverhampton South East"
	},
	{
		"id": "3906",
		"name": "Birkenhead"
	},
	{
		"id": "4063",
		"name": "Gloucester"
	},
	{
		"id": "4476",
		"name": "Glasgow South"
	},
	{
		"id": "4289",
		"name": "Sittingbourne and Sheppey"
	},
	{
		"id": "4194",
		"name": "Newcastle upon Tyne North"
	},
	{
		"id": "4231",
		"name": "Oldham West, Chadderton and Royton"
	},
	{
		"id": "4505",
		"name": "Cardiff North"
	},
	{
		"id": "4295",
		"name": "South Basildon and East Thurrock"
	},
	{
		"id": "4459",
		"name": "Coatbridge and Bellshill"
	},
	{
		"id": "4445",
		"name": "Midlothian"
	},
	{
		"id": "4354",
		"name": "Tatton"
	},
	{
		"id": "4527",
		"name": "Ynys Môn"
	},
	{
		"id": "4132",
		"name": "Knowsley"
	},
	{
		"id": "4015",
		"name": "Doncaster North"
	},
	{
		"id": "3905",
		"name": "Bicester and Woodstock"
	},
	{
		"id": "4109",
		"name": "Horsham"
	},
	{
		"id": "3967",
		"name": "Carlisle"
	},
	{
		"id": "4332",
		"name": "Stockport"
	},
	{
		"id": "4350",
		"name": "Sutton Coldfield"
	},
	{
		"id": "4282",
		"name": "Sheffield Central"
	},
	{
		"id": "4011",
		"name": "Dewsbury and Batley"
	},
	{
		"id": "4311",
		"name": "South West Hertfordshire"
	},
	{
		"id": "3963",
		"name": "Camborne and Redruth"
	},
	{
		"id": "4123",
		"name": "Keighley and Ilkley"
	},
	{
		"id": "4235",
		"name": "Oxford West and Abingdon"
	},
	{
		"id": "4519",
		"name": "Newport East"
	},
	{
		"id": "4390",
		"name": "West Dorset"
	},
	{
		"id": "4213",
		"name": "North Shropshire"
	},
	{
		"id": "4247",
		"name": "Portsmouth South"
	},
	{
		"id": "4026",
		"name": "Easington"
	},
	{
		"id": "4100",
		"name": "Hexham"
	},
	{
		"id": "3973",
		"name": "Cheadle"
	},
	{
		"id": "3897",
		"name": "Beaconsfield"
	},
	{
		"id": "3879",
		"name": "Aldridge-Brownhills"
	},
	{
		"id": "3903",
		"name": "Bexhill and Battle"
	},
	{
		"id": "4004",
		"name": "Dagenham and Rainham"
	},
	{
		"id": "4463",
		"name": "Dumfriesshire, Clydesdale and Tweeddale"
	},
	{
		"id": "4387",
		"name": "Wells and Mendip Hills"
	},
	{
		"id": "3893",
		"name": "Basingstoke"
	},
	{
		"id": "4467",
		"name": "Edinburgh East and Musselburgh"
	},
	{
		"id": "4469",
		"name": "Edinburgh South"
	},
	{
		"id": "4023",
		"name": "Ealing North"
	},
	{
		"id": "4461",
		"name": "Cumbernauld and Kirkintilloch"
	},
	{
		"id": "4486",
		"name": "Mid Dunbartonshire"
	},
	{
		"id": "4313",
		"name": "South West Wiltshire"
	},
	{
		"id": "4183",
		"name": "Middlesbrough South and East Cleveland"
	},
	{
		"id": "4272",
		"name": "Rushcliffe"
	},
	{
		"id": "4000",
		"name": "Crewe and Nantwich"
	},
	{
		"id": "4400",
		"name": "Wigan"
	},
	{
		"id": "4525",
		"name": "Vale of Glamorgan"
	},
	{
		"id": "4488",
		"name": "Motherwell, Wishaw and Carluke"
	},
	{
		"id": "3965",
		"name": "Cannock Chase"
	},
	{
		"id": "4298",
		"name": "South Derbyshire"
	},
	{
		"id": "4379",
		"name": "Warrington North"
	},
	{
		"id": "4264",
		"name": "Romsey and Southampton North"
	},
	{
		"id": "4096",
		"name": "Hereford and South Herefordshire"
	},
	{
		"id": "4226",
		"name": "Nottingham North and Kimberley"
	},
	{
		"id": "4209",
		"name": "North East Somerset and Hanham"
	},
	{
		"id": "4113",
		"name": "Huntingdon"
	},
	{
		"id": "4081",
		"name": "Harborough, Oadby and Wigston"
	},
	{
		"id": "4456",
		"name": "Argyll, Bute and South Lochaber"
	},
	{
		"id": "4260",
		"name": "Richmond Park"
	},
	{
		"id": "4070",
		"name": "Great Grimsby and Cleethorpes"
	},
	{
		"id": "4192",
		"name": "Newcastle upon Tyne Central and West"
	},
	{
		"id": "4344",
		"name": "Stroud"
	},
	{
		"id": "4044",
		"name": "Erith and Thamesmead"
	},
	{
		"id": "4036",
		"name": "Edmonton and Winchmore Hill"
	},
	{
		"id": "4122",
		"name": "Jarrow and Gateshead East"
	},
	{
		"id": "3972",
		"name": "Chatham and Aylesford"
	},
	{
		"id": "3996",
		"name": "Coventry North West"
	},
	{
		"id": "4160",
		"name": "Luton North"
	},
	{
		"id": "4314",
		"name": "Southampton Itchen"
	},
	{
		"id": "4240",
		"name": "Peterborough"
	},
	{
		"id": "4405",
		"name": "Witham"
	},
	{
		"id": "4404",
		"name": "Wirral West"
	},
	{
		"id": "4257",
		"name": "Reigate"
	},
	{
		"id": "4060",
		"name": "Gedling"
	},
	{
		"id": "3890",
		"name": "Barnsley South"
	},
	{
		"id": "4102",
		"name": "High Peak"
	},
	{
		"id": "4072",
		"name": "Greenwich and Woolwich"
	},
	{
		"id": "3980",
		"name": "Chesterfield"
	},
	{
		"id": "4341",
		"name": "Stratford-on-Avon"
	},
	{
		"id": "3915",
		"name": "Birmingham Yardley"
	},
	{
		"id": "4110",
		"name": "Houghton and Sunderland South"
	},
	{
		"id": "4002",
		"name": "Croydon South"
	},
	{
		"id": "4347",
		"name": "Surrey Heath"
	},
	{
		"id": "4094",
		"name": "Hendon"
	},
	{
		"id": "4014",
		"name": "Doncaster East and the Isle of Axholme"
	},
	{
		"id": "4144",
		"name": "Leigh and Atherton"
	},
	{
		"id": "4270",
		"name": "Runcorn and Helsby"
	},
	{
		"id": "4242",
		"name": "Plymouth Sutton and Devonport"
	},
	{
		"id": "4125",
		"name": "Kensington and Bayswater"
	},
	{
		"id": "4167",
		"name": "Manchester Central"
	},
	{
		"id": "4484",
		"name": "Livingston"
	},
	{
		"id": "3961",
		"name": "Bury St Edmunds and Stowmarket"
	},
	{
		"id": "4358",
		"name": "The Wrekin"
	},
	{
		"id": "4119",
		"name": "Isle of Wight West"
	},
	{
		"id": "3926",
		"name": "Bolton South and Walkden"
	},
	{
		"id": "4046",
		"name": "Exeter"
	},
	{
		"id": "4141",
		"name": "Leicester East"
	},
	{
		"id": "4384",
		"name": "Waveney Valley"
	},
	{
		"id": "3880",
		"name": "Altrincham and Sale West"
	},
	{
		"id": "4526",
		"name": "Wrexham"
	},
	{
		"id": "4403",
		"name": "Windsor"
	},
	{
		"id": "3885",
		"name": "Ashton-under-Lyne"
	},
	{
		"id": "4222",
		"name": "Northampton South"
	},
	{
		"id": "4047",
		"name": "Exmouth and Exeter East"
	},
	{
		"id": "4342",
		"name": "Streatham and Croydon North"
	},
	{
		"id": "4148",
		"name": "Lewisham West and East Dulwich"
	},
	{
		"id": "4140",
		"name": "Leeds West and Pudsey"
	},
	{
		"id": "4466",
		"name": "East Kilbride and Strathaven"
	},
	{
		"id": "4415",
		"name": "Wycombe"
	},
	{
		"id": "4330",
		"name": "Stalybridge and Hyde"
	},
	{
		"id": "4163",
		"name": "Maidenhead"
	},
	{
		"id": "4474",
		"name": "Glasgow North"
	},
	{
		"id": "3990",
		"name": "Clapham and Brixton Hill"
	},
	{
		"id": "4266",
		"name": "Rother Valley"
	},
	{
		"id": "4345",
		"name": "Suffolk Coastal"
	},
	{
		"id": "4221",
		"name": "Northampton North"
	},
	{
		"id": "4325",
		"name": "St Helens South and Whiston"
	},
	{
		"id": "4150",
		"name": "Lichfield"
	},
	{
		"id": "4118",
		"name": "Isle of Wight East"
	},
	{
		"id": "4421",
		"name": "Belfast East"
	},
	{
		"id": "4162",
		"name": "Macclesfield"
	},
	{
		"id": "4253",
		"name": "Reading Central"
	},
	{
		"id": "4202",
		"name": "North Devon"
	},
	{
		"id": "4263",
		"name": "Romford"
	},
	{
		"id": "3916",
		"name": "Bishop Auckland"
	},
	{
		"id": "3993",
		"name": "Congleton"
	},
	{
		"id": "4033",
		"name": "East Worthing and Shoreham"
	},
	{
		"id": "3957",
		"name": "Burnley"
	},
	{
		"id": "4056",
		"name": "Frome and East Somerset"
	},
	{
		"id": "4053",
		"name": "Finchley and Golders Green"
	},
	{
		"id": "4157",
		"name": "Loughborough"
	},
	{
		"id": "4206",
		"name": "North East Derbyshire"
	},
	{
		"id": "4297",
		"name": "South Cotswolds"
	},
	{
		"id": "4511",
		"name": "Dwyfor Meirionnydd"
	},
	{
		"id": "3891",
		"name": "Barrow and Furness"
	},
	{
		"id": "4139",
		"name": "Leeds South West and Morley"
	},
	{
		"id": "3935",
		"name": "Bradford West"
	},
	{
		"id": "4009",
		"name": "Derby South"
	},
	{
		"id": "4493",
		"name": "Rutherglen"
	},
	{
		"id": "4436",
		"name": "Strangford"
	},
	{
		"id": "4294",
		"name": "Solihull West and Shirley"
	},
	{
		"id": "4397",
		"name": "Wetherby and Easingwold"
	},
	{
		"id": "4080",
		"name": "Hampstead and Highgate"
	},
	{
		"id": "4269",
		"name": "Ruislip, Northwood and Pinner"
	},
	{
		"id": "4165",
		"name": "Makerfield"
	},
	{
		"id": "4178",
		"name": "Mid Dorset and North Poole"
	},
	{
		"id": "4079",
		"name": "Hammersmith and Chiswick"
	},
	{
		"id": "4268",
		"name": "Rugby"
	},
	{
		"id": "4092",
		"name": "Hazel Grove"
	},
	{
		"id": "4133",
		"name": "Lancaster and Wyre"
	},
	{
		"id": "4212",
		"name": "North Northumberland"
	},
	{
		"id": "4175",
		"name": "Mid Buckinghamshire"
	},
	{
		"id": "4169",
		"name": "Manchester Withington"
	},
	{
		"id": "4290",
		"name": "Skipton and Ripon"
	},
	{
		"id": "4499",
		"name": "Blaenau Gwent and Rhymney"
	},
	{
		"id": "4310",
		"name": "South West Devon"
	},
	{
		"id": "4114",
		"name": "Hyndburn"
	},
	{
		"id": "3950",
		"name": "Bristol South"
	},
	{
		"id": "4335",
		"name": "Stoke-on-Trent Central"
	},
	{
		"id": "4057",
		"name": "Fylde"
	},
	{
		"id": "4134",
		"name": "Leeds Central and Headingley"
	},
	{
		"id": "4327",
		"name": "St Neots and Mid Cambridgeshire"
	},
	{
		"id": "4271",
		"name": "Runnymede and Weybridge"
	},
	{
		"id": "3971",
		"name": "Central Suffolk and North Ipswich"
	},
	{
		"id": "4049",
		"name": "Farnham and Bordon"
	},
	{
		"id": "4472",
		"name": "Falkirk"
	},
	{
		"id": "4105",
		"name": "Holborn and St Pancras"
	},
	{
		"id": "4174",
		"name": "Mid Bedfordshire"
	},
	{
		"id": "4504",
		"name": "Cardiff East"
	},
	{
		"id": "4452",
		"name": "Airdrie and Shotts"
	},
	{
		"id": "4439",
		"name": "Ayr, Carrick and Cumnock"
	},
	{
		"id": "4458",
		"name": "Caithness, Sutherland and Easter Ross"
	},
	{
		"id": "4351",
		"name": "Swindon North"
	},
	{
		"id": "4104",
		"name": "Hitchin"
	},
	{
		"id": "4115",
		"name": "Ilford North"
	},
	{
		"id": "4197",
		"name": "Newton Aycliffe and Spennymoor"
	},
	{
		"id": "3970",
		"name": "Central Devon"
	},
	{
		"id": "3918",
		"name": "Blackley and Middleton South"
	},
	{
		"id": "3902",
		"name": "Beverley and Holderness"
	},
	{
		"id": "4457",
		"name": "Bathgate and Linlithgow"
	},
	{
		"id": "4069",
		"name": "Gravesham"
	},
	{
		"id": "3997",
		"name": "Coventry South"
	},
	{
		"id": "4259",
		"name": "Richmond and Northallerton"
	},
	{
		"id": "3932",
		"name": "Bracknell"
	},
	{
		"id": "4434",
		"name": "South Antrim"
	},
	{
		"id": "4189",
		"name": "New Forest West"
	},
	{
		"id": "4497",
		"name": "Alyn and Deeside"
	},
	{
		"id": "4017",
		"name": "Dover and Deal"
	},
	{
		"id": "4490",
		"name": "Paisley and Renfrewshire North"
	},
	{
		"id": "4093",
		"name": "Hemel Hempstead"
	},
	{
		"id": "4349",
		"name": "Sutton and Cheam"
	},
	{
		"id": "4215",
		"name": "North Warwickshire and Bedworth"
	},
	{
		"id": "3953",
		"name": "Bromsgrove"
	},
	{
		"id": "4357",
		"name": "Tewkesbury"
	},
	{
		"id": "4241",
		"name": "Plymouth Moor View"
	},
	{
		"id": "4086",
		"name": "Harrow West"
	},
	{
		"id": "4524",
		"name": "Torfaen"
	},
	{
		"id": "4043",
		"name": "Erewash"
	},
	{
		"id": "4121",
		"name": "Islington South and Finsbury"
	},
	{
		"id": "3929",
		"name": "Boston and Skegness"
	},
	{
		"id": "4238",
		"name": "Penistone and Stocksbridge"
	},
	{
		"id": "4028",
		"name": "East Ham"
	},
	{
		"id": "4393",
		"name": "West Suffolk"
	},
	{
		"id": "3931",
		"name": "Bournemouth West"
	},
	{
		"id": "3984",
		"name": "Chipping Barnet"
	},
	{
		"id": "4198",
		"name": "Normanton and Hemsworth"
	},
	{
		"id": "4280",
		"name": "Sevenoaks"
	},
	{
		"id": "4515",
		"name": "Mid and South Pembrokeshire"
	},
	{
		"id": "4364",
		"name": "Tonbridge"
	},
	{
		"id": "4255",
		"name": "Redcar"
	},
	{
		"id": "4383",
		"name": "Watford"
	},
	{
		"id": "4128",
		"name": "Kingston upon Hull East"
	},
	{
		"id": "3912",
		"name": "Birmingham Northfield"
	},
	{
		"id": "4399",
		"name": "Widnes and Halewood"
	},
	{
		"id": "3921",
		"name": "Blaydon and Consett"
	},
	{
		"id": "4112",
		"name": "Huddersfield"
	},
	{
		"id": "4095",
		"name": "Henley and Thame"
	},
	{
		"id": "4054",
		"name": "Folkestone and Hythe"
	},
	{
		"id": "4377",
		"name": "Walsall and Bloxwich"
	},
	{
		"id": "3943",
		"name": "Brigg and Immingham"
	},
	{
		"id": "4334",
		"name": "Stockton West"
	},
	{
		"id": "4082",
		"name": "Harlow"
	},
	{
		"id": "4299",
		"name": "South Devon"
	},
	{
		"id": "3960",
		"name": "Bury South"
	},
	{
		"id": "4481",
		"name": "Hamilton and Clyde Valley"
	},
	{
		"id": "3944",
		"name": "Brighton Kemptown and Peacehaven"
	},
	{
		"id": "4460",
		"name": "Cowdenbeath and Kirkcaldy"
	},
	{
		"id": "4261",
		"name": "Rochdale"
	},
	{
		"id": "3920",
		"name": "Blackpool South"
	},
	{
		"id": "4286",
		"name": "Sherwood Forest"
	},
	{
		"id": "4108",
		"name": "Hornsey and Friern Barnet"
	},
	{
		"id": "4343",
		"name": "Stretford and Urmston"
	},
	{
		"id": "4381",
		"name": "Warwick and Leamington"
	},
	{
		"id": "4050",
		"name": "Faversham and Mid Kent"
	},
	{
		"id": "4413",
		"name": "Worsley and Eccles"
	},
	{
		"id": "4010",
		"name": "Derbyshire Dales"
	},
	{
		"id": "3894",
		"name": "Bassetlaw"
	},
	{
		"id": "4137",
		"name": "Leeds North West"
	},
	{
		"id": "4166",
		"name": "Maldon"
	},
	{
		"id": "4225",
		"name": "Nottingham East"
	},
	{
		"id": "4220",
		"name": "North West Norfolk"
	},
	{
		"id": "3976",
		"name": "Cheltenham"
	},
	{
		"id": "4336",
		"name": "Stoke-on-Trent North"
	},
	{
		"id": "4338",
		"name": "Stone, Great Wyrley and Penkridge"
	},
	{
		"id": "4371",
		"name": "Twickenham"
	},
	{
		"id": "4425",
		"name": "East Antrim"
	},
	{
		"id": "4492",
		"name": "Perth and Kinross-shire"
	},
	{
		"id": "4517",
		"name": "Montgomeryshire and Glyndŵr"
	},
	{
		"id": "4131",
		"name": "Kingswinford and South Staffordshire"
	},
	{
		"id": "3887",
		"name": "Banbury"
	},
	{
		"id": "4124",
		"name": "Kenilworth and Southam"
	},
	{
		"id": "4126",
		"name": "Kettering"
	},
	{
		"id": "4196",
		"name": "Newton Abbot"
	},
	{
		"id": "4025",
		"name": "Earley and Woodley"
	},
	{
		"id": "3899",
		"name": "Bedford"
	},
	{
		"id": "4170",
		"name": "Mansfield"
	},
	{
		"id": "4360",
		"name": "Thornbury and Yate"
	},
	{
		"id": "3964",
		"name": "Cambridge"
	}
]