[
	{
		"id": "11001",
		"name": "Cardigan",
		"nameFr": "Cardigan",
		"province": "Prince Edward Island",
		"provinceCode": "11",
		"postalCodes": [
			"C0A"
		]
	},
	{
		"id": "11002",
		"name": "Charlottetown",
		"nameFr": "Charlottetown",
		"province": "Prince Edward Island",
		"provinceCode": "11",
		"postalCodes": [
			"C1A"
		]
	},
	{
		"id": "24056",
		"name": "Pierrefonds—Dollard",
		"nameFr": "Pierrefonds—Dollard",
		"province": "Quebec",
		"provinceCode": "24",
		"postalCodes": []
	},
	{
		"id": "24057",
		"name": "Pontiac",
		"nameFr": "Pontiac",
		"province": "Quebec",
		"provinceCode": "24",
		"postalCodes": []
	},
	{
		"id": "24058",
		"name": "Portneuf—Jacques-Cartier",
		"nameFr": "Portneuf—Jacques-Cartier",
		"province": "Quebec",
		"provinceCode": "24",
		"postalCodes": []
	},
	{
		"id": "24004",
		"name": "Alfred-Pellan",
		"nameFr": "Alfred-Pellan",
		"province": "Quebec",
		"provinceCode": "24",
		"postalCodes": []
	},
	{
		"id": "24005",
		"name": "Argenteuil—La Petite-Nation",
		"nameFr": "Argenteuil—La Petite-Nation",
		"province": "Quebec",
		"provinceCode": "24",
		"postalCodes": []
	},
	{
		"id": "24006",
		"name": "Avignon—La Mitis—Matane—Matapédia",
		"nameFr": "Avignon—La Mitis—Matane—Matapédia",
		"province": "Quebec",
		"provinceCode": "24",
		"postalCodes": []
	},
	{
		"id": "24007",
		"name": "Beauce",
		"nameFr": "Beauce",
		"province": "Quebec",
		"provinceCode": "24",
		"postalCodes": []
	},
	{
		"id": "24009",
		"name": "Bécancour—Nicolet—Saurel",
		"nameFr": "Bécancour—Nicolet—Saurel",
		"province": "Quebec",
		"provinceCode": "24",
		"postalCodes": []
	},
	{
		"id": "24010",
		"name": "Bellechasse—Les Etchemins—Lévis",
		"nameFr": "Bellechasse—Les Etchemins—Lévis",
		"province": "Quebec",
		"provinceCode": "24",
		"postalCodes": []
	},
	{
		"id": "24011",
		"name": "Beloeil—Chambly",
		"nameFr": "Beloeil—Chambly",
		"province": "Quebec",
		"provinceCode": "24",
		"postalCodes": []
	},
	{
		"id": "24012",
		"name": "Berthier—Maskinongé",
		"nameFr": "Berthier—Maskinongé",
		"province": "Quebec",
		"provinceCode": "24",
		"postalCodes": []
	},
	{
		"id": "24013",
		"name": "Thérèse-De Blainville",
		"nameFr": "Thérèse-De Blainville",
		"province": "Quebec",
		"provinceCode": "24",
		"postalCodes": []
	},
	{
		"id": "24014",
		"name": "Pierre-Boucher—Les Patriotes—Verchères",
		"nameFr": "Pierre-Boucher—Les Patriotes—Verchères",
		"province": "Quebec",
		"provinceCode": "24",
		"postalCodes": []
	},
	{
		"id": "24024",
		"name": "Dorval—Lachine—LaSalle",
		"nameFr": "Dorval—Lachine—LaSalle",
		"province": "Quebec",
		"provinceCode": "24",
		"postalCodes": []
	},
	{
		"id": "24028",
		"name": "Hochelaga",
		"nameFr": "Hochelaga",
		"province": "Quebec",
		"provinceCode": "24",
		"postalCodes": []
	},
	{
		"id": "24015",
		"name": "Bourassa",
		"nameFr": "Bourassa",
		"province": "Quebec",
		"provinceCode": "24",
		"postalCodes": []
	},
	{
		"id": "24008",
		"name": "Beauport—Limoilou",
		"nameFr": "Beauport—Limoilou",
		"province": "Quebec",
		"provinceCode": "24",
		"postalCodes": []
	},
	{
		"id": "24016",
		"name": "Brome—Missisquoi",
		"nameFr": "Brome—Missisquoi",
		"province": "Quebec",
		"provinceCode": "24",
		"postalCodes": []
	},
	{
		"id": "24018",
		"name": "Rimouski-Neigette—Témiscouata—Les Basques",
		"nameFr": "Rimouski-Neigette—Témiscouata—Les Basques",
		"province": "Quebec",
		"provinceCode": "24",
		"postalCodes": []
	},
	{
		"id": "24019",
		"name": "Charlesbourg—Haute-Saint-Charles",
		"nameFr": "Charlesbourg—Haute-Saint-Charles",
		"province": "Quebec",
		"provinceCode": "24",
		"postalCodes": []
	},
	{
		"id": "24020",
		"name": "Beauport—Côte-de-Beaupré—Île d'Orléans—Charlevoix",
		"nameFr": "Beauport—Côte-de-Beaupré—Île d'Orléans—Charlevoix",
		"province": "Quebec",
		"provinceCode": "24",
		"postalCodes": []
	},
	{
		"id": "24021",
		"name": "Châteauguay—Lacolle",
		"nameFr": "Châteauguay—Lacolle",
		"province": "Quebec",
		"provinceCode": "24",
		"postalCodes": []
	},
	{
		"id": "24022",
		"name": "Chicoutimi—Le Fjord",
		"nameFr": "Chicoutimi—Le Fjord",
		"province": "Quebec",
		"provinceCode": "24",
		"postalCodes": []
	},
	{
		"id": "24023",
		"name": "Compton—Stanstead",
		"nameFr": "Compton—Stanstead",
		"province": "Quebec",
		"provinceCode": "24",
		"postalCodes": []
	},
	{
		"id": "24025",
		"name": "Drummond",
		"nameFr": "Drummond",
		"province": "Quebec",
		"provinceCode": "24",
		"postalCodes": []
	},
	{
		"id": "24026",
		"name": "Gaspésie—Les Îles-de-la-Madeleine",
		"nameFr": "Gaspésie—Les Îles-de-la-Madeleine",
		"province": "Quebec",
		"provinceCode": "24",
		"postalCodes": []
	},
	{
		"id": "24027",
		"name": "Gatineau",
		"nameFr": "Gatineau",
		"province": "Quebec",
		"provinceCode": "24",
		"postalCodes": [
			"H1A"
		]
	},
	{
		"id": "10001",
		"name": "Avalon",
		"nameFr": "Avalon",
		"province": "Newfoundland and Labrador",
		"provinceCode": "10",
		"postalCodes": [
			"A0A"
		]
	},
	{
		"id": "10002",
		"name": "Bonavista—Burin—Trinity",
		"nameFr": "Bonavista—Burin—Trinity",
		"province": "Newfoundland and Labrador",
		"provinceCode": "10",
		"postalCodes": [
			"A1C"
		]
	},
	{
		"id": "10003",
		"name": "Coast of Bays—Central—Notre Dame",
		"nameFr": "Coast of Bays—Central—Notre Dame",
		"province": "Newfoundland and Labrador",
		"provinceCode": "10",
		"postalCodes": []
	},
	{
		"id": "10004",
		"name": "Labrador",
		"nameFr": "Labrador",
		"province": "Newfoundland and Labrador",
		"provinceCode": "10",
		"postalCodes": []
	},
	{
		"id": "10005",
		"name": "Long Range Mountains",
		"nameFr": "Long Range Mountains",
		"province": "Newfoundland and Labrador",
		"provinceCode": "10",
		"postalCodes": []
	},
	{
		"id": "10006",
		"name": "St. John's East",
		"nameFr": "St. John's East",
		"province": "Newfoundland and Labrador",
		"provinceCode": "10",
		"postalCodes": [
			"A1E"
		]
	},
	{
		"id": "10007",
		"name": "St. John's South—Mount Pearl",
		"nameFr": "St. John's South—Mount Pearl",
		"province": "Newfoundland and Labrador",
		"provinceCode": "10",
		"postalCodes": []
	},
	{
		"id": "11003",
		"name": "Egmont",
		"nameFr": "Egmont",
		"province": "Prince Edward Island",
		"provinceCode": "11",
		"postalCodes": []
	},
	{
		"id": "11004",
		"name": "Malpeque",
		"nameFr": "Malpeque",
		"province": "Prince Edward Island",
		"provinceCode": "11",
		"postalCodes": []
	},
	{
		"id": "12001",
		"name": "Cape Breton—Canso",
		"nameFr": "Cape Breton—Canso",
		"province": "Nova Scotia",
		"provinceCode": "12",
		"postalCodes": []
	},
	{
		"id": "12002",
		"name": "Central Nova",
		"nameFr": "Central Nova",
		"province": "Nova Scotia",
		"provinceCode": "12",
		"postalCodes": []
	},
	{
		"id": "12003",
		"name": "Cumberland—Colchester",
		"nameFr": "Cumberland—Colchester",
		"province": "Nova Scotia",
		"provinceCode": "12",
		"postalCodes": [
			"B0J"
		]
	},
	{
		"id": "12004",
		"name": "Dartmouth—Cole Harbour",
		"nameFr": "Dartmouth—Cole Harbour",
		"province": "Nova Scotia",
		"provinceCode": "12",
		"postalCodes": []
	},
	{
		"id": "12005",
		"name": "Halifax",
		"nameFr": "Halifax",
		"province": "Nova Scotia",
		"provinceCode": "12",
		"postalCodes": []
	},
	{
		"id": "12006",
		"name": "Halifax West",
		"nameFr": "Halifax West",
		"province": "Nova Scotia",
		"provinceCode": "12",
		"postalCodes": [
			"B3H",
			"B3K"
		]
	},
	{
		"id": "12007",
		"name": "Kings—Hants",
		"nameFr": "Kings—Hants",
		"province": "Nova Scotia",
		"provinceCode": "12",
		"postalCodes": []
	},
	{
		"id": "12008",
		"name": "Sackville—Preston—Chezzetcook",
		"nameFr": "Sackville—Preston—Chezzetcook",
		"province": "Nova Scotia",
		"provinceCode": "12",
		"postalCodes": []
	},
	{
		"id": "12009",
		"name": "South Shore—St. Margarets",
		"nameFr": "South Shore—St. Margarets",
		"province": "Nova Scotia",
		"provinceCode": "12",
		"postalCodes": []
	},
	{
		"id": "12010",
		"name": "Sydney—Victoria",
		"nameFr": "Sydney—Victoria",
		"province": "Nova Scotia",
		"provinceCode": "12",
		"postalCodes": []
	},
	{
		"id": "12011",
		"name": "West Nova",
		"nameFr": "West Nova",
		"province": "Nova Scotia",
		"provinceCode": "12",
		"postalCodes": []
	},
	{
		"id": "13001",
		"name": "Acadie—Bathurst",
		"nameFr": "Acadie—Bathurst",
		"province": "New Brunswick",
		"provinceCode": "13",
		"postalCodes": []
	},
	{
		"id": "13002",
		"name": "Beauséjour",
		"nameFr": "Beauséjour",
		"province": "New Brunswick",
		"provinceCode": "13",
		"postalCodes": [
			"E1A"
		]
	},
	{
		"id": "13003",
		"name": "Fredericton",
		"nameFr": "Fredericton",
		"province": "New Brunswick",
		"provinceCode": "13",
		"postalCodes": [
			"E3B"
		]
	},
	{
		"id": "13004",
		"name": "Fundy Royal",
		"nameFr": "Fundy Royal",
		"province": "New Brunswick",
		"provinceCode": "13",
		"postalCodes": []
	},
	{
		"id": "13005",
		"name": "Madawaska—Restigouche",
		"nameFr": "Madawaska—Restigouche",
		"province": "New Brunswick",
		"provinceCode": "13",
		"postalCodes": []
	},
	{
		"id": "13006",
		"name": "Miramichi—Grand Lake",
		"nameFr": "Miramichi—Grand Lake",
		"province": "New Brunswick",
		"provinceCode": "13",
		"postalCodes": []
	},
	{
		"id": "13007",
		"name": "Moncton—Riverview—Dieppe",
		"nameFr": "Moncton—Riverview—Dieppe",
		"province": "New Brunswick",
		"provinceCode": "13",
		"postalCodes": [
			"E1C"
		]
	},
	{
		"id": "13008",
		"name": "New Brunswick Southwest",
		"nameFr": "New Brunswick Southwest",
		"province": "New Brunswick",
		"provinceCode": "13",
		"postalCodes": []
	},
	{
		"id": "13009",
		"name": "Saint John—Rothesay",
		"nameFr": "Saint John—Rothesay",
		"province": "New Brunswick",
		"provinceCode": "13",
		"postalCodes": []
	},
	{
		"id": "13010",
		"name": "Tobique—Mactaquac",
		"nameFr": "Tobique—Mactaquac",
		"province": "New Brunswick",
		"provinceCode": "13",
		"postalCodes": []
	},
	{
		"id": "24001",
		"name": "Abitibi—Baie-James—Nunavik—Eeyou",
		"nameFr": "Abitibi—Baie-James—Nunavik—Eeyou",
		"province": "Quebec",
		"provinceCode": "24",
		"postalCodes": []
	},
	{
		"id": "24002",
		"name": "Abitibi—Témiscamingue",
		"nameFr": "Abitibi—Témiscamingue",
		"province": "Quebec",
		"provinceCode": "24",
		"postalCodes": []
	},
	{
		"id": "24003",
		"name": "Ahuntsic-Cartierville",
		"nameFr": "Ahuntsic-Cartierville",
		"province": "Quebec",
		"provinceCode": "24",
		"postalCodes": []
	},
	{
		"id": "24017",
		"name": "Brossard—Saint-Lambert",
		"nameFr": "Brossard—Saint-Lambert",
		"province": "Quebec",
		"provinceCode": "24",
		"postalCodes": []
	},
	{
		"id": "24049",
		"name": "Montarville",
		"nameFr": "Montarville",
		"province": "Quebec",
		"provinceCode": "24",
		"postalCodes": []
	},
	{
		"id": "24052",
		"name": "Mount Royal",
		"nameFr": "Mount Royal",
		"province": "Quebec",
		"provinceCode": "24",
		"postalCodes": []
	},
	{
		"id": "24053",
		"name": "Notre-Dame-de-Grâce—Westmount",
		"nameFr": "Notre-Dame-de-Grâce—Westmount",
		"province": "Quebec",
		"provinceCode": "24",
		"postalCodes": []
	},
	{
		"id": "24054",
		"name": "Outremont",
		"nameFr": "Outremont",
		"province": "Quebec",
		"provinceCode": "24",
		"postalCodes": []
	},
	{
		"id": "24055",
		"name": "Papineau",
		"nameFr": "Papineau",
		"province": "Quebec",
		"provinceCode": "24",
		"postalCodes": [
			"J4B"
		]
	},
	{
		"id": "24059",
		"name": "Québec",
		"nameFr": "Québec",
		"province": "Quebec",
		"provinceCode": "24",
		"postalCodes": [
			"G1R"
		]
	},
	{
		"id": "24060",
		"name": "Repentigny",
		"nameFr": "Repentigny",
		"province": "Quebec",
		"provinceCode": "24",
		"postalCodes": []
	},
	{
		"id": "24061",
		"name": "Richmond—Arthabaska",
		"nameFr": "Richmond—Arthabaska",
		"province": "Quebec",
		"provinceCode": "24",
		"postalCodes": []
	},
	{
		"id": "24062",
		"name": "Rivière-des-Mille-Îles",
		"nameFr": "Rivière-des-Mille-Îles",
		"province": "Quebec",
		"provinceCode": "24",
		"postalCodes": []
	},
	{
		"id": "24065",
		"name": "Marc-Aurèle-Fortin",
		"nameFr": "Marc-Aurèle-Fortin",
		"province": "Quebec",
		"provinceCode": "24",
		"postalCodes": []
	},
	{
		"id": "24066",
		"name": "Saint-Hyacinthe—Bagot",
		"nameFr": "Saint-Hyacinthe—Bagot",
		"province": "Quebec",
		"provinceCode": "24",
		"postalCodes": []
	},
	{
		"id": "24067",
		"name": "Saint-Jean",
		"nameFr": "Saint-Jean",
		"province": "Quebec",
		"provinceCode": "24",
		"postalCodes": []
	},
	{
		"id": "24068",
		"name": "Saint-Laurent",
		"nameFr": "Saint-Laurent",
		"province": "Quebec",
		"provinceCode": "24",
		"postalCodes": []
	},
	{
		"id": "24063",
		"name": "Rivière-du-Nord",
		"nameFr": "Rivière-du-Nord",
		"province": "Quebec",
		"provinceCode": "24",
		"postalCodes": []
	},
	{
		"id": "24064",
		"name": "Rosemont—La Petite-Patrie",
		"nameFr": "Rosemont—La Petite-Patrie",
		"province": "Quebec",
		"provinceCode": "24",
		"postalCodes": []
	},
	{
		"id": "24069",
		"name": "Saint-Léonard—Saint-Michel",
		"nameFr": "Saint-Léonard—Saint-Michel",
		"province": "Quebec",
		"provinceCode": "24",
		"postalCodes": []
	},
	{
		"id": "24070",
		"name": "Saint-Maurice—Champlain",
		"nameFr": "Saint-Maurice—Champlain",
		"province": "Quebec",
		"provinceCode": "24",
		"postalCodes": []
	},
	{
		"id": "24071",
		"name": "Salaberry—Suroît",
		"nameFr": "Salaberry—Suroît",
		"province": "Quebec",
		"provinceCode": "24",
		"postalCodes": []
	},
	{
		"id": "24072",
		"name": "Shefford",
		"nameFr": "Shefford",
		"province": "Quebec",
		"provinceCode": "24",
		"postalCodes": [
			"J1H"
		]
	},
	{
		"id": "24029",
		"name": "Honoré-Mercier",
		"nameFr": "Honoré-Mercier",
		"province": "Quebec",
		"provinceCode": "24",
		"postalCodes": []
	},
	{
		"id": "24030",
		"name": "Hull—Aylmer",
		"nameFr": "Hull—Aylmer",
		"province": "Quebec",
		"provinceCode": "24",
		"postalCodes": []
	},
	{
		"id": "24031",
		"name": "Joliette",
		"nameFr": "Joliette",
		"province": "Quebec",
		"provinceCode": "24",
		"postalCodes": []
	},
	{
		"id": "24032",
		"name": "Jonquière",
		"nameFr": "Jonquière",
		"province": "Quebec",
		"provinceCode": "24",
		"postalCodes": []
	},
	{
		"id": "24033",
		"name": "La Pointe-de-l'Île",
		"nameFr": "La Pointe-de-l'Île",
		"province": "Quebec",
		"provinceCode": "24",
		"postalCodes": []
	},
	{
		"id": "24034",
		"name": "La Prairie",
		"nameFr": "La Prairie",
		"province": "Quebec",
		"provinceCode": "24",
		"postalCodes": []
	},
	{
		"id": "24035",
		"name": "Lac-Saint-Jean",
		"nameFr": "Lac-Saint-Jean",
		"province": "Quebec",
		"provinceCode": "24",
		"postalCodes": []
	},
	{
		"id": "24036",
		"name": "Lac-Saint-Louis",
		"nameFr": "Lac-Saint-Louis",
		"province": "Quebec",
		"provinceCode": "24",
		"postalCodes": []
	},
	{
		"id": "24037",
		"name": "LaSalle—Émard—Verdun",
		"nameFr": "LaSalle—Émard—Verdun",
		"province": "Quebec",
		"provinceCode": "24",
		"postalCodes": [
			"H2X"
		]
	},
	{
		"id": "24038",
		"name": "Laurentides—Labelle",
		"nameFr": "Laurentides—Labelle",
		"province": "Quebec",
		"provinceCode": "24",
		"postalCodes": []
	},
	{
		"id": "24039",
		"name": "Laurier—Sainte-Marie",
		"nameFr": "Laurier—Sainte-Marie",
		"province": "Quebec",
		"provinceCode": "24",
		"postalCodes": []
	},
	{
		"id": "24040",
		"name": "Laval—Les Îles",
		"nameFr": "Laval—Les Îles",
		"province": "Quebec",
		"provinceCode": "24",
		"postalCodes": []
	},
	{
		"id": "24041",
		"name": "Longueuil—Charles-LeMoyne",
		"nameFr": "Longueuil—Charles-LeMoyne",
		"province": "Quebec",
		"provinceCode": "24",
		"postalCodes": []
	},
	{
		"id": "24042",
		"name": "Lévis—Lotbinière",
		"nameFr": "Lévis—Lotbinière",
		"province": "Quebec",
		"provinceCode": "24",
		"postalCodes": []
	},
	{
		"id": "24043",
		"name": "Longueuil—Saint-Hubert",
		"nameFr": "Longueuil—Saint-Hubert",
		"province": "Quebec",
		"provinceCode": "24",
		"postalCodes": [
			"G1V"
		]
	},
	{
		"id": "24044",
		"name": "Louis-Hébert",
		"nameFr": "Louis-Hébert",
		"province": "Quebec",
		"provinceCode": "24",
		"postalCodes": []
	},
	{
		"id": "24045",
		"name": "Louis-Saint-Laurent",
		"nameFr": "Louis-Saint-Laurent",
		"province": "Quebec",
		"provinceCode": "24",
		"postalCodes": []
	},
	{
		"id": "24046",
		"name": "Manicouagan",
		"nameFr": "Manicouagan",
		"province": "Quebec",
		"provinceCode": "24",
		"postalCodes": []
	},
	{
		"id": "24047",
		"name": "Mégantic—L'Érable",
		"nameFr": "Mégantic—L'Érable",
		"province": "Quebec",
		"provinceCode": "24",
		"postalCodes": []
	},
	{
		"id": "24048",
		"name": "Mirabel",
		"nameFr": "Mirabel",
		"province": "Quebec",
		"provinceCode": "24",
		"postalCodes": []
	},
	{
		"id": "24050",
		"name": "Montcalm",
		"nameFr": "Montcalm",
		"province": "Quebec",
		"provinceCode": "24",
		"postalCodes": []
	},
	{
		"id": "24051",
		"name": "Montmagny—L'Islet—Kamouraska—Rivière-du-Loup",
		"nameFr": "Montmagny—L'Islet—Kamouraska—Rivière-du-Loup",
		"province": "Quebec",
		"provinceCode": "24",
		"postalCodes": []
	},
	{
		"id": "24077",
		"name": "Ville-Marie—Le Sud-Ouest—Île-des-Soeurs",
		"nameFr": "Ville-Marie—Le Sud-Ouest—Île-des-Soeurs",
		"province": "Quebec",
		"provinceCode": "24",
		"postalCodes": [
			"H3A"
		]
	},
	{
		"id": "35001",
		"name": "Ajax",
		"nameFr": "Ajax",
		"province": "Ontario",
		"provinceCode": "35",
		"postalCodes": []
	},
	{
		"id": "35003",
		"name": "Aurora—Oak Ridges—Richmond Hill",
		"nameFr": "Aurora—Oak Ridges—Richmond Hill",
		"province": "Ontario",
		"provinceCode": "35",
		"postalCodes": [
			"L4S"
		]
	},
	{
		"id": "35004",
		"name": "Barrie—Innisfil",
		"nameFr": "Barrie—Innisfil",
		"province": "Ontario",
		"provinceCode": "35",
		"postalCodes": []
	},
	{
		"id": "35010",
		"name": "Brampton North",
		"nameFr": "Brampton North",
		"province": "Ontario",
		"provinceCode": "35",
		"postalCodes": []
	},
	{
		"id": "35005",
		"name": "Barrie—Springwater—Oro-Medonte",
		"nameFr": "Barrie—Springwater—Oro-Medonte",
		"province": "Ontario",
		"provinceCode": "35",
		"postalCodes": []
	},
	{
		"id": "35006",
		"name": "Bay of Quinte",
		"nameFr": "Bay of Quinte",
		"province": "Ontario",
		"provinceCode": "35",
		"postalCodes": []
	},
	{
		"id": "35007",
		"name": "Beaches—East York",
		"nameFr": "Beaches—East York",
		"province": "Ontario",
		"provinceCode": "35",
		"postalCodes": []
	},
	{
		"id": "35008",
		"name": "Brampton Centre",
		"nameFr": "Brampton Centre",
		"province": "Ontario",
		"provinceCode": "35",
		"postalCodes": []
	},
	{
		"id": "35009",
		"name": "Brampton East",
		"nameFr": "Brampton East",
		"province": "Ontario",
		"provinceCode": "35",
		"postalCodes": []
	},
	{
		"id": "35011",
		"name": "Brampton South",
		"nameFr": "Brampton South",
		"province": "Ontario",
		"provinceCode": "35",
		"postalCodes": []
	},
	{
		"id": "35020",
		"name": "Don Valley North",
		"nameFr": "Don Valley North",
		"province": "Ontario",
		"provinceCode": "35",
		"postalCodes": []
	},
	{
		"id": "35024",
		"name": "Eglinton—Lawrence",
		"nameFr": "Eglinton—Lawrence",
		"province": "Ontario",
		"provinceCode": "35",
		"postalCodes": []
	},
	{
		"id": "35046",
		"name": "Kitchener—Conestoga",
		"nameFr": "Kitchener—Conestoga",
		"province": "Ontario",
		"provinceCode": "35",
		"postalCodes": []
	},
	{
		"id": "35028",
		"name": "Etobicoke—Lakeshore",
		"nameFr": "Etobicoke—Lakeshore",
		"province": "Ontario",
		"provinceCode": "35",
		"postalCodes": []
	},
	{
		"id": "35029",
		"name": "Etobicoke North",
		"nameFr": "Etobicoke North",
		"province": "Ontario",
		"provinceCode": "35",
		"postalCodes": []
	},
	{
		"id": "35030",
		"name": "Flamborough—Glanbrook",
		"nameFr": "Flamborough—Glanbrook",
		"province": "Ontario",
		"provinceCode": "35",
		"postalCodes": []
	},
	{
		"id": "35031",
		"name": "Glengarry—Prescott—Russell",
		"nameFr": "Glengarry—Prescott—Russell",
		"province": "Ontario",
		"provinceCode": "35",
		"postalCodes": [
			"M9W"
		]
	},
	{
		"id": "35033",
		"name": "Haldimand—Norfolk",
		"nameFr": "Haldimand—Norfolk",
		"province": "Ontario",
		"provinceCode": "35",
		"postalCodes": []
	},
	{
		"id": "35034",
		"name": "Haliburton—Kawartha Lakes—Brock",
		"nameFr": "Haliburton—Kawartha Lakes—Brock",
		"province": "Ontario",
		"provinceCode": "35",
		"postalCodes": []
	},
	{
		"id": "35035",
		"name": "Hamilton Centre",
		"nameFr": "Hamilton Centre",
		"province": "Ontario",
		"provinceCode": "35",
		"postalCodes": []
	},
	{
		"id": "35036",
		"name": "Hamilton East—Stoney Creek",
		"nameFr": "Hamilton East—Stoney Creek",
		"province": "Ontario",
		"provinceCode": "35",
		"postalCodes": [
			"L8P"
		]
	},
	{
		"id": "35037",
		"name": "Hamilton Mountain",
		"nameFr": "Hamilton Mountain",
		"province": "Ontario",
		"provinceCode": "35",
		"postalCodes": []
	},
	{
		"id": "35038",
		"name": "Hamilton West—Ancaster—Dundas",
		"nameFr": "Hamilton West—Ancaster—Dundas",
		"province": "Ontario",
		"provinceCode": "35",
		"postalCodes": []
	},
	{
		"id": "35039",
		"name": "Hastings—Lennox and Addington",
		"nameFr": "Hastings—Lennox and Addington",
		"province": "Ontario",
		"provinceCode": "35",
		"postalCodes": []
	},
	{
		"id": "35040",
		"name": "Huron—Bruce",
		"nameFr": "Huron—Bruce",
		"province": "Ontario",
		"provinceCode": "35",
		"postalCodes": []
	},
	{
		"id": "35041",
		"name": "Kanata—Carleton",
		"nameFr": "Kanata—Carleton",
		"province": "Ontario",
		"provinceCode": "35",
		"postalCodes": []
	},
	{
		"id": "35042",
		"name": "Kenora",
		"nameFr": "Kenora",
		"province": "Ontario",
		"provinceCode": "35",
		"postalCodes": []
	},
	{
		"id": "35043",
		"name": "King—Vaughan",
		"nameFr": "King—Vaughan",
		"province": "Ontario",
		"provinceCode": "35",
		"postalCodes": []
	},
	{
		"id": "35012",
		"name": "Brampton West",
		"nameFr": "Brampton West",
		"province": "Ontario",
		"provinceCode": "35",
		"postalCodes": []
	},
	{
		"id": "35013",
		"name": "Brantford—Brant",
		"nameFr": "Brantford—Brant",
		"province": "Ontario",
		"provinceCode": "35",
		"postalCodes": []
	},
	{
		"id": "35014",
		"name": "Bruce—Grey—Owen Sound",
		"nameFr": "Bruce—Grey—Owen Sound",
		"province": "Ontario",
		"provinceCode": "35",
		"postalCodes": []
	},
	{
		"id": "35015",
		"name": "Burlington",
		"nameFr": "Burlington",
		"province": "Ontario",
		"provinceCode": "35",
		"postalCodes": []
	},
	{
		"id": "35016",
		"name": "Cambridge",
		"nameFr": "Cambridge",
		"province": "Ontario",
		"provinceCode": "35",
		"postalCodes": []
	},
	{
		"id": "35017",
		"name": "Chatham-Kent—Leamington",
		"nameFr": "Chatham-Kent—Leamington",
		"province": "Ontario",
		"provinceCode": "35",
		"postalCodes": []
	},
	{
		"id": "35018",
		"name": "Davenport",
		"nameFr": "Davenport",
		"province": "Ontario",
		"provinceCode": "35",
		"postalCodes": []
	},
	{
		"id": "35019",
		"name": "Don Valley East",
		"nameFr": "Don Valley East",
		"province": "Ontario",
		"provinceCode": "35",
		"postalCodes": []
	},
	{
		"id": "35021",
		"name": "Don Valley West",
		"nameFr": "Don Valley West",
		"province": "Ontario",
		"provinceCode": "35",
		"postalCodes": []
	},
	{
		"id": "35022",
		"name": "Dufferin—Caledon",
		"nameFr": "Dufferin—Caledon",
		"province": "Ontario",
		"provinceCode": "35",
		"postalCodes": []
	},
	{
		"id": "35023",
		"name": "Durham",
		"nameFr": "Durham",
		"province": "Ontario",
		"provinceCode": "35",
		"postalCodes": []
	},
	{
		"id": "35025",
		"name": "Elgin—Middlesex—London",
		"nameFr": "Elgin—Middlesex—London",
		"province": "Ontario",
		"provinceCode": "35",
		"postalCodes": []
	},
	{
		"id": "35027",
		"name": "Etobicoke Centre",
		"nameFr": "Etobicoke Centre",
		"province": "Ontario",
		"provinceCode": "35",
		"postalCodes": []
	},
	{
		"id": "35026",
		"name": "Essex",
		"nameFr": "Essex",
		"province": "Ontario",
		"provinceCode": "35",
		"postalCodes": []
	},
	{
		"id": "35045",
		"name": "Kitchener Centre",
		"nameFr": "Kitchener Centre",
		"province": "Ontario",
		"provinceCode": "35",
		"postalCodes": []
	},
	{
		"id": "24073",
		"name": "Sherbrooke",
		"nameFr": "Sherbrooke",
		"province": "Quebec",
		"provinceCode": "24",
		"postalCodes": []
	},
	{
		"id": "24074",
		"name": "Vaudreuil—Soulanges",
		"nameFr": "Vaudreuil—Soulanges",
		"province": "Quebec",
		"provinceCode": "24",
		"postalCodes": []
	},
	{
		"id": "24075",
		"name": "Terrebonne",
		"nameFr": "Terrebonne",
		"province": "Quebec",
		"provinceCode": "24",
		"postalCodes": []
	},
	{
		"id": "24078",
		"name": "Vimy",
		"nameFr": "Vimy",
		"province": "Quebec",
		"provinceCode": "24",
		"postalCodes": []
	},
	{
		"id": "35002",
		"name": "Algoma—Manitoulin—Kapuskasing",
		"nameFr": "Algoma—Manitoulin—Kapuskasing",
		"province": "Ontario",
		"provinceCode": "35",
		"postalCodes": []
	},
	{
		"id": "35032",
		"name": "Guelph",
		"nameFr": "Guelph",
		"province": "Ontario",
		"provinceCode": "35",
		"postalCodes": []
	},
	{
		"id": "35044",
		"name": "Kingston and the Islands",
		"nameFr": "Kingston and the Islands",
		"province": "Ontario",
		"provinceCode": "35",
		"postalCodes": []
	},
	{
		"id": "24076",
		"name": "Trois-Rivières",
		"nameFr": "Trois-Rivières",
		"province": "Quebec",
		"provinceCode": "24",
		"postalCodes": []
	},
	{
		"id": "35073",
		"name": "Oakville North—Burlington",
		"nameFr": "Oakville North—Burlington",
		"province": "Ontario",
		"provinceCode": "35",
		"postalCodes": []
	},
	{
		"id": "35074",
		"name": "Oshawa",
		"nameFr": "Oshawa",
		"province": "Ontario",
		"provinceCode": "35",
		"postalCodes": []
	},
	{
		"id": "35078",
		"name": "Ottawa—Vanier",
		"nameFr": "Ottawa—Vanier",
		"province": "Ontario",
		"provinceCode": "35",
		"postalCodes": []
	},
	{
		"id": "35080",
		"name": "Oxford",
		"nameFr": "Oxford",
		"province": "Ontario",
		"provinceCode": "35",
		"postalCodes": []
	},
	{
		"id": "35081",
		"name": "Parkdale—High Park",
		"nameFr": "Parkdale—High Park",
		"province": "Ontario",
		"provinceCode": "35",
		"postalCodes": []
	},
	{
		"id": "35082",
		"name": "Parry Sound—Muskoka",
		"nameFr": "Parry Sound—Muskoka",
		"province": "Ontario",
		"provinceCode": "35",
		"postalCodes": []
	},
	{
		"id": "35083",
		"name": "Perth—Wellington",
		"nameFr": "Perth—Wellington",
		"province": "Ontario",
		"provinceCode": "35",
		"postalCodes": []
	},
	{
		"id": "35084",
		"name": "Peterborough—Kawartha",
		"nameFr": "Peterborough—Kawartha",
		"province": "Ontario",
		"provinceCode": "35",
		"postalCodes": []
	},
	{
		"id": "35085",
		"name": "Pickering—Uxbridge",
		"nameFr": "Pickering—Uxbridge",
		"province": "Ontario",
		"provinceCode": "35",
		"postalCodes": []
	},
	{
		"id": "35086",
		"name": "Renfrew—Nipissing—Pembroke",
		"nameFr": "Renfrew—Nipissing—Pembroke",
		"province": "Ontario",
		"provinceCode": "35",
		"postalCodes": []
	},
	{
		"id": "35088",
		"name": "Carleton",
		"nameFr": "Carleton",
		"province": "Ontario",
		"provinceCode": "35",
		"postalCodes": []
	},
	{
		"id": "35092",
		"name": "Sault Ste. Marie",
		"nameFr": "Sault Ste. Marie",
		"province": "Ontario",
		"provinceCode": "35",
		"postalCodes": []
	},
	{
		"id": "35097",
		"name": "Scarborough—Rouge Park",
		"nameFr": "Scarborough—Rouge Park",
		"province": "Ontario",
		"provinceCode": "35",
		"postalCodes": []
	},
	{
		"id": "59028",
		"name": "Skeena—Bulkley Valley",
		"nameFr": "Skeena—Bulkley Valley",
		"province": "British Columbia",
		"provinceCode": "59",
		"postalCodes": []
	},
	{
		"id": "59029",
		"name": "South Okanagan—West Kootenay",
		"nameFr": "South Okanagan—West Kootenay",
		"province": "British Columbia",
		"provinceCode": "59",
		"postalCodes": []
	},
	{
		"id": "59013",
		"name": "Kamloops—Thompson—Cariboo",
		"nameFr": "Kamloops—Thompson—Cariboo",
		"province": "British Columbia",
		"provinceCode": "59",
		"postalCodes": []
	},
	{
		"id": "59014",
		"name": "Kelowna—Lake Country",
		"nameFr": "Kelowna—Lake Country",
		"province": "British Columbia",
		"provinceCode": "59",
		"postalCodes": []
	},
	{
		"id": "59015",
		"name": "Kootenay—Columbia",
		"nameFr": "Kootenay—Columbia",
		"province": "British Columbia",
		"provinceCode": "59",
		"postalCodes": []
	},
	{
		"id": "35047",
		"name": "Kitchener South—Hespeler",
		"nameFr": "Kitchener South—Hespeler",
		"province": "Ontario",
		"provinceCode": "35",
		"postalCodes": []
	},
	{
		"id": "35048",
		"name": "Lambton—Kent—Middlesex",
		"nameFr": "Lambton—Kent—Middlesex",
		"province": "Ontario",
		"provinceCode": "35",
		"postalCodes": []
	},
	{
		"id": "35049",
		"name": "Lanark—Frontenac—Kingston",
		"nameFr": "Lanark—Frontenac—Kingston",
		"province": "Ontario",
		"provinceCode": "35",
		"postalCodes": []
	},
	{
		"id": "35050",
		"name": "Leeds—Grenville—Thousand Islands and Rideau Lakes",
		"nameFr": "Leeds—Grenville—Thousand Islands and Rideau Lakes",
		"province": "Ontario",
		"provinceCode": "35",
		"postalCodes": []
	},
	{
		"id": "35051",
		"name": "London—Fanshawe",
		"nameFr": "London—Fanshawe",
		"province": "Ontario",
		"provinceCode": "35",
		"postalCodes": []
	},
	{
		"id": "35052",
		"name": "London North Centre",
		"nameFr": "London North Centre",
		"province": "Ontario",
		"provinceCode": "35",
		"postalCodes": []
	},
	{
		"id": "35053",
		"name": "London West",
		"nameFr": "London West",
		"province": "Ontario",
		"provinceCode": "35",
		"postalCodes": []
	},
	{
		"id": "35054",
		"name": "Markham—Stouffville",
		"nameFr": "Markham—Stouffville",
		"province": "Ontario",
		"provinceCode": "35",
		"postalCodes": []
	},
	{
		"id": "35055",
		"name": "Markham—Thornhill",
		"nameFr": "Markham—Thornhill",
		"province": "Ontario",
		"provinceCode": "35",
		"postalCodes": []
	},
	{
		"id": "35056",
		"name": "Markham—Unionville",
		"nameFr": "Markham—Unionville",
		"province": "Ontario",
		"provinceCode": "35",
		"postalCodes": []
	},
	{
		"id": "35057",
		"name": "Milton",
		"nameFr": "Milton",
		"province": "Ontario",
		"provinceCode": "35",
		"postalCodes": [
			"L3R"
		]
	},
	{
		"id": "35059",
		"name": "Mississauga East—Cooksville",
		"nameFr": "Mississauga East—Cooksville",
		"province": "Ontario",
		"provinceCode": "35",
		"postalCodes": []
	},
	{
		"id": "35062",
		"name": "Mississauga—Malton",
		"nameFr": "Mississauga—Malton",
		"province": "Ontario",
		"provinceCode": "35",
		"postalCodes": []
	},
	{
		"id": "35066",
		"name": "Niagara Centre",
		"nameFr": "Niagara Centre",
		"province": "Ontario",
		"provinceCode": "35",
		"postalCodes": []
	},
	{
		"id": "35068",
		"name": "Niagara West",
		"nameFr": "Niagara West",
		"province": "Ontario",
		"provinceCode": "35",
		"postalCodes": []
	},
	{
		"id": "35069",
		"name": "Nickel Belt",
		"nameFr": "Nickel Belt",
		"province": "Ontario",
		"provinceCode": "35",
		"postalCodes": []
	},
	{
		"id": "35070",
		"name": "Nipissing—Timiskaming",
		"nameFr": "Nipissing—Timiskaming",
		"province": "Ontario",
		"provinceCode": "35",
		"postalCodes": []
	},
	{
		"id": "35058",
		"name": "Mississauga Centre",
		"nameFr": "Mississauga Centre",
		"province": "Ontario",
		"provinceCode": "35",
		"postalCodes": []
	},
	{
		"id": "35060",
		"name": "Mississauga—Erin Mills",
		"nameFr": "Mississauga—Erin Mills",
		"province": "Ontario",
		"provinceCode": "35",
		"postalCodes": []
	},
	{
		"id": "35061",
		"name": "Mississauga—Lakeshore",
		"nameFr": "Mississauga—Lakeshore",
		"province": "Ontario",
		"provinceCode": "35",
		"postalCodes": [
			"L5B"
		]
	},
	{
		"id": "35063",
		"name": "Mississauga—Streetsville",
		"nameFr": "Mississauga—Streetsville",
		"province": "Ontario",
		"provinceCode": "35",
		"postalCodes": []
	},
	{
		"id": "35064",
		"name": "Nepean",
		"nameFr": "Nepean",
		"province": "Ontario",
		"provinceCode": "35",
		"postalCodes": []
	},
	{
		"id": "35065",
		"name": "Newmarket—Aurora",
		"nameFr": "Newmarket—Aurora",
		"province": "Ontario",
		"provinceCode": "35",
		"postalCodes": []
	},
	{
		"id": "35071",
		"name": "Northumberland—Peterborough South",
		"nameFr": "Northumberland—Peterborough South",
		"province": "Ontario",
		"provinceCode": "35",
		"postalCodes": []
	},
	{
		"id": "35075",
		"name": "Ottawa Centre",
		"nameFr": "Ottawa Centre",
		"province": "Ontario",
		"provinceCode": "35",
		"postalCodes": []
	},
	{
		"id": "35076",
		"name": "Orléans",
		"nameFr": "Orléans",
		"province": "Ontario",
		"provinceCode": "35",
		"postalCodes": []
	},
	{
		"id": "35077",
		"name": "Ottawa South",
		"nameFr": "Ottawa South",
		"province": "Ontario",
		"provinceCode": "35",
		"postalCodes": []
	},
	{
		"id": "35079",
		"name": "Ottawa West—Nepean",
		"nameFr": "Ottawa West—Nepean",
		"province": "Ontario",
		"provinceCode": "35",
		"postalCodes": [
			"K1A",
			"K2P"
		]
	},
	{
		"id": "35067",
		"name": "Niagara Falls",
		"nameFr": "Niagara Falls",
		"province": "Ontario",
		"provinceCode": "35",
		"postalCodes": []
	},
	{
		"id": "35072",
		"name": "Oakville",
		"nameFr": "Oakville",
		"province": "Ontario",
		"provinceCode": "35",
		"postalCodes": []
	},
	{
		"id": "35087",
		"name": "Richmond Hill",
		"nameFr": "Richmond Hill",
		"province": "Ontario",
		"provinceCode": "35",
		"postalCodes": []
	},
	{
		"id": "35089",
		"name": "St. Catharines",
		"nameFr": "St. Catharines",
		"province": "Ontario",
		"provinceCode": "35",
		"postalCodes": []
	},
	{
		"id": "35090",
		"name": "Toronto—St. Paul's",
		"nameFr": "Toronto—St. Paul's",
		"province": "Ontario",
		"provinceCode": "35",
		"postalCodes": []
	},
	{
		"id": "35091",
		"name": "Sarnia—Lambton",
		"nameFr": "Sarnia—Lambton",
		"province": "Ontario",
		"provinceCode": "35",
		"postalCodes": []
	},
	{
		"id": "35093",
		"name": "Scarborough—Agincourt",
		"nameFr": "Scarborough—Agincourt",
		"province": "Ontario",
		"provinceCode": "35",
		"postalCodes": []
	},
	{
		"id": "35094",
		"name": "Scarborough Centre",
		"nameFr": "Scarborough Centre",
		"province": "Ontario",
		"provinceCode": "35",
		"postalCodes": [
			"M1C"
		]
	},
	{
		"id": "35098",
		"name": "Scarborough Southwest",
		"nameFr": "Scarborough Southwest",
		"province": "Ontario",
		"provinceCode": "35",
		"postalCodes": []
	},
	{
		"id": "35108",
		"name": "Toronto Centre",
		"nameFr": "Toronto Centre",
		"province": "Ontario",
		"provinceCode": "35",
		"postalCodes": []
	},
	{
		"id": "35109",
		"name": "Toronto—Danforth",
		"nameFr": "Toronto—Danforth",
		"province": "Ontario",
		"provinceCode": "35",
		"postalCodes": []
	},
	{
		"id": "35095",
		"name": "Scarborough—Guildwood",
		"nameFr": "Scarborough—Guildwood",
		"province": "Ontario",
		"provinceCode": "35",
		"postalCodes": []
	},
	{
		"id": "35096",
		"name": "Scarborough North",
		"nameFr": "Scarborough North",
		"province": "Ontario",
		"provinceCode": "35",
		"postalCodes": []
	},
	{
		"id": "35111",
		"name": "Vaughan—Woodbridge",
		"nameFr": "Vaughan—Woodbridge",
		"province": "Ontario",
		"provinceCode": "35",
		"postalCodes": []
	},
	{
		"id": "35112",
		"name": "Waterloo",
		"nameFr": "Waterloo",
		"province": "Ontario",
		"provinceCode": "35",
		"postalCodes": [
			"M4W"
		]
	},
	{
		"id": "48008",
		"name": "Calgary Midnapore",
		"nameFr": "Calgary Midnapore",
		"province": "Alberta",
		"provinceCode": "48",
		"postalCodes": []
	},
	{
		"id": "48009",
		"name": "Calgary Nose Hill",
		"nameFr": "Calgary Nose Hill",
		"province": "Alberta",
		"provinceCode": "48",
		"postalCodes": []
	},
	{
		"id": "48010",
		"name": "Calgary Rocky Ridge",
		"nameFr": "Calgary Rocky Ridge",
		"province": "Alberta",
		"provinceCode": "48",
		"postalCodes": []
	},
	{
		"id": "48011",
		"name": "Calgary Shepard",
		"nameFr": "Calgary Shepard",
		"province": "Alberta",
		"provinceCode": "48",
		"postalCodes": []
	},
	{
		"id": "48012",
		"name": "Calgary Signal Hill",
		"nameFr": "Calgary Signal Hill",
		"province": "Alberta",
		"provinceCode": "48",
		"postalCodes": []
	},
	{
		"id": "48013",
		"name": "Calgary Skyview",
		"nameFr": "Calgary Skyview",
		"province": "Alberta",
		"provinceCode": "48",
		"postalCodes": []
	},
	{
		"id": "48018",
		"name": "Edmonton Riverbend",
		"nameFr": "Edmonton Riverbend",
		"province": "Alberta",
		"provinceCode": "48",
		"postalCodes": []
	},
	{
		"id": "48019",
		"name": "Edmonton Strathcona",
		"nameFr": "Edmonton Strathcona",
		"province": "Alberta",
		"provinceCode": "48",
		"postalCodes": []
	},
	{
		"id": "48020",
		"name": "Edmonton West",
		"nameFr": "Edmonton West",
		"province": "Alberta",
		"provinceCode": "48",
		"postalCodes": []
	},
	{
		"id": "48021",
		"name": "Edmonton—Wetaskiwin",
		"nameFr": "Edmonton—Wetaskiwin",
		"province": "Alberta",
		"provinceCode": "48",
		"postalCodes": []
	},
	{
		"id": "48022",
		"name": "Foothills",
		"nameFr": "Foothills",
		"province": "Alberta",
		"provinceCode": "48",
		"postalCodes": [
			"T6G"
		]
	},
	{
		"id": "48023",
		"name": "Fort McMurray—Cold Lake",
		"nameFr": "Fort McMurray—Cold Lake",
		"province": "Alberta",
		"provinceCode": "48",
		"postalCodes": []
	},
	{
		"id": "35099",
		"name": "Simcoe—Grey",
		"nameFr": "Simcoe—Grey",
		"province": "Ontario",
		"provinceCode": "35",
		"postalCodes": []
	},
	{
		"id": "35100",
		"name": "Simcoe North",
		"nameFr": "Simcoe North",
		"province": "Ontario",
		"provinceCode": "35",
		"postalCodes": [
			"M5V",
			"M6K"
		]
	},
	{
		"id": "35101",
		"name": "Spadina—Fort York",
		"nameFr": "Spadina—Fort York",
		"province": "Ontario",
		"provinceCode": "35",
		"postalCodes": []
	},
	{
		"id": "35102",
		"name": "Stormont—Dundas—South Glengarry",
		"nameFr": "Stormont—Dundas—South Glengarry",
		"province": "Ontario",
		"provinceCode": "35",
		"postalCodes": []
	},
	{
		"id": "35103",
		"name": "Sudbury",
		"nameFr": "Sudbury",
		"province": "Ontario",
		"provinceCode": "35",
		"postalCodes": [
			"P3E"
		]
	},
	{
		"id": "35104",
		"name": "Thornhill",
		"nameFr": "Thornhill",
		"province": "Ontario",
		"provinceCode": "35",
		"postalCodes": []
	},
	{
		"id": "35105",
		"name": "Thunder Bay—Rainy River",
		"nameFr": "Thunder Bay—Rainy River",
		"province": "Ontario",
		"provinceCode": "35",
		"postalCodes": []
	},
	{
		"id": "35106",
		"name": "Thunder Bay—Superior North",
		"nameFr": "Thunder Bay—Superior North",
		"province": "Ontario",
		"provinceCode": "35",
		"postalCodes": []
	},
	{
		"id": "35107",
		"name": "Timmins—James Bay",
		"nameFr": "Timmins—James Bay",
		"province": "Ontario",
		"provinceCode": "35",
		"postalCodes": []
	},
	{
		"id": "35110",
		"name": "University—Rosedale",
		"nameFr": "University—Rosedale",
		"province": "Ontario",
		"provinceCode": "35",
		"postalCodes": []
	},
	{
		"id": "35113",
		"name": "Wellington—Halton Hills",
		"nameFr": "Wellington—Halton Hills",
		"province": "Ontario",
		"provinceCode": "35",
		"postalCodes": []
	},
	{
		"id": "48024",
		"name": "Grande Prairie—Mackenzie",
		"nameFr": "Grande Prairie—Mackenzie",
		"province": "Alberta",
		"provinceCode": "48",
		"postalCodes": []
	},
	{
		"id": "48025",
		"name": "Lakeland",
		"nameFr": "Lakeland",
		"province": "Alberta",
		"provinceCode": "48",
		"postalCodes": []
	},
	{
		"id": "48026",
		"name": "Lethbridge",
		"nameFr": "Lethbridge",
		"province": "Alberta",
		"provinceCode": "48",
		"postalCodes": []
	},
	{
		"id": "48027",
		"name": "Medicine Hat—Cardston—Warner",
		"nameFr": "Medicine Hat—Cardston—Warner",
		"province": "Alberta",
		"provinceCode": "48",
		"postalCodes": []
	},
	{
		"id": "48028",
		"name": "Peace River—Westlock",
		"nameFr": "Peace River—Westlock",
		"province": "Alberta",
		"provinceCode": "48",
		"postalCodes": []
	},
	{
		"id": "48029",
		"name": "Red Deer—Mountain View",
		"nameFr": "Red Deer—Mountain View",
		"province": "Alberta",
		"provinceCode": "48",
		"postalCodes": []
	},
	{
		"id": "48006",
		"name": "Calgary Forest Lawn",
		"nameFr": "Calgary Forest Lawn",
		"province": "Alberta",
		"provinceCode": "48",
		"postalCodes": []
	},
	{
		"id": "59007",
		"name": "Cloverdale—Langley City",
		"nameFr": "Cloverdale—Langley City",
		"province": "British Columbia",
		"provinceCode": "59",
		"postalCodes": []
	},
	{
		"id": "35114",
		"name": "Whitby",
		"nameFr": "Whitby",
		"province": "Ontario",
		"provinceCode": "35",
		"postalCodes": [
			"N2L"
		]
	},
	{
		"id": "35115",
		"name": "Willowdale",
		"nameFr": "Willowdale",
		"province": "Ontario",
		"provinceCode": "35",
		"postalCodes": []
	},
	{
		"id": "35116",
		"name": "Windsor—Tecumseh",
		"nameFr": "Windsor—Tecumseh",
		"province": "Ontario",
		"provinceCode": "35",
		"postalCodes": []
	},
	{
		"id": "35117",
		"name": "Windsor West",
		"nameFr": "Windsor West",
		"province": "Ontario",
		"provinceCode": "35",
		"postalCodes": []
	},
	{
		"id": "35118",
		"name": "York Centre",
		"nameFr": "York Centre",
		"province": "Ontario",
		"provinceCode": "35",
		"postalCodes": []
	},
	{
		"id": "35119",
		"name": "York—Simcoe",
		"nameFr": "York—Simcoe",
		"province": "Ontario",
		"provinceCode": "35",
		"postalCodes": [
			"N9A"
		]
	},
	{
		"id": "35121",
		"name": "Humber River—Black Creek",
		"nameFr": "Humber River—Black Creek",
		"province": "Ontario",
		"provinceCode": "35",
		"postalCodes": []
	},
	{
		"id": "46001",
		"name": "Brandon—Souris",
		"nameFr": "Brandon—Souris",
		"province": "Manitoba",
		"provinceCode": "46",
		"postalCodes": []
	},
	{
		"id": "46003",
		"name": "Churchill—Keewatinook Aski",
		"nameFr": "Churchill—Keewatinook Aski",
		"province": "Manitoba",
		"provinceCode": "46",
		"postalCodes": [
			"R2C"
		]
	},
	{
		"id": "46004",
		"name": "Dauphin—Swan River—Neepawa",
		"nameFr": "Dauphin—Swan River—Neepawa",
		"province": "Manitoba",
		"provinceCode": "46",
		"postalCodes": []
	},
	{
		"id": "46007",
		"name": "Portage—Lisgar",
		"nameFr": "Portage—Lisgar",
		"province": "Manitoba",
		"provinceCode": "46",
		"postalCodes": []
	},
	{
		"id": "46008",
		"name": "Provencher",
		"nameFr": "Provencher",
		"province": "Manitoba",
		"provinceCode": "46",
		"postalCodes": []
	},
	{
		"id": "46010",
		"name": "Selkirk—Interlake—Eastman",
		"nameFr": "Selkirk—Interlake—Eastman",
		"province": "Manitoba",
		"provinceCode": "46",
		"postalCodes": [
			"R3C"
		]
	},
	{
		"id": "47001",
		"name": "Battlefords—Lloydminster",
		"nameFr": "Battlefords—Lloydminster",
		"province": "Saskatchewan",
		"provinceCode": "47",
		"postalCodes": []
	},
	{
		"id": "47002",
		"name": "Cypress Hills—Grasslands",
		"nameFr": "Cypress Hills—Grasslands",
		"province": "Saskatchewan",
		"provinceCode": "47",
		"postalCodes": []
	},
	{
		"id": "35120",
		"name": "York South—Weston",
		"nameFr": "York South—Weston",
		"province": "Ontario",
		"provinceCode": "35",
		"postalCodes": []
	},
	{
		"id": "46002",
		"name": "Charleswood—St. James—Assiniboia—Headingley",
		"nameFr": "Charleswood—St. James—Assiniboia—Headingley",
		"province": "Manitoba",
		"provinceCode": "46",
		"postalCodes": []
	},
	{
		"id": "46005",
		"name": "Elmwood—Transcona",
		"nameFr": "Elmwood—Transcona",
		"province": "Manitoba",
		"provinceCode": "46",
		"postalCodes": []
	},
	{
		"id": "46006",
		"name": "Kildonan—St. Paul",
		"nameFr": "Kildonan—St. Paul",
		"province": "Manitoba",
		"provinceCode": "46",
		"postalCodes": [
			"R0A"
		]
	},
	{
		"id": "46009",
		"name": "Saint Boniface—Saint Vital",
		"nameFr": "Saint Boniface—Saint Vital",
		"province": "Manitoba",
		"provinceCode": "46",
		"postalCodes": []
	},
	{
		"id": "46011",
		"name": "Winnipeg Centre",
		"nameFr": "Winnipeg Centre",
		"province": "Manitoba",
		"provinceCode": "46",
		"postalCodes": []
	},
	{
		"id": "46012",
		"name": "Winnipeg North",
		"nameFr": "Winnipeg North",
		"province": "Manitoba",
		"provinceCode": "46",
		"postalCodes": []
	},
	{
		"id": "46013",
		"name": "Winnipeg South",
		"nameFr": "Winnipeg South",
		"province": "Manitoba",
		"provinceCode": "46",
		"postalCodes": []
	},
	{
		"id": "46014",
		"name": "Winnipeg South Centre",
		"nameFr": "Winnipeg South Centre",
		"province": "Manitoba",
		"provinceCode": "46",
		"postalCodes": []
	},
	{
		"id": "47003",
		"name": "Desnethé—Missinippi—Churchill River",
		"nameFr": "Desnethé—Missinippi—Churchill River",
		"province": "Saskatchewan",
		"provinceCode": "47",
		"postalCodes": []
	},
	{
		"id": "47004",
		"name": "Carlton Trail—Eagle Creek",
		"nameFr": "Carlton Trail—Eagle Creek",
		"province": "Saskatchewan",
		"provinceCode": "47",
		"postalCodes": []
	},
	{
		"id": "47005",
		"name": "Moose Jaw—Lake Centre—Lanigan",
		"nameFr": "Moose Jaw—Lake Centre—Lanigan",
		"province": "Saskatchewan",
		"provinceCode": "47",
		"postalCodes": []
	},
	{
		"id": "47006",
		"name": "Prince Albert",
		"nameFr": "Prince Albert",
		"province": "Saskatchewan",
		"provinceCode": "47",
		"postalCodes": []
	},
	{
		"id": "47007",
		"name": "Regina—Lewvan",
		"nameFr": "Regina—Lewvan",
		"province": "Saskatchewan",
		"provinceCode": "47",
		"postalCodes": [
			"S0A"
		]
	},
	{
		"id": "47008",
		"name": "Regina—Qu'Appelle",
		"nameFr": "Regina—Qu'Appelle",
		"province": "Saskatchewan",
		"provinceCode": "47",
		"postalCodes": [
			"S4P"
		]
	},
	{
		"id": "47009",
		"name": "Regina—Wascana",
		"nameFr": "Regina—Wascana",
		"province": "Saskatchewan",
		"provinceCode": "47",
		"postalCodes": []
	},
	{
		"id": "47010",
		"name": "Saskatoon—Grasswood",
		"nameFr": "Saskatoon—Grasswood",
		"province": "Saskatchewan",
		"provinceCode": "47",
		"postalCodes": []
	},
	{
		"id": "47013",
		"name": "Souris—Moose Mountain",
		"nameFr": "Souris—Moose Mountain",
		"province": "Saskatchewan",
		"provinceCode": "47",
		"postalCodes": []
	},
	{
		"id": "47014",
		"name": "Yorkton—Melville",
		"nameFr": "Yorkton—Melville",
		"province": "Saskatchewan",
		"provinceCode": "47",
		"postalCodes": []
	},
	{
		"id": "48001",
		"name": "Banff—Airdrie",
		"nameFr": "Banff—Airdrie",
		"province": "Alberta",
		"provinceCode": "48",
		"postalCodes": []
	},
	{
		"id": "48002",
		"name": "Battle River—Crowfoot",
		"nameFr": "Battle River—Crowfoot",
		"province": "Alberta",
		"provinceCode": "48",
		"postalCodes": []
	},
	{
		"id": "47011",
		"name": "Saskatoon—University",
		"nameFr": "Saskatoon—University",
		"province": "Saskatchewan",
		"provinceCode": "47",
		"postalCodes": [
			"S7K"
		]
	},
	{
		"id": "47012",
		"name": "Saskatoon West",
		"nameFr": "Saskatoon West",
		"province": "Saskatchewan",
		"provinceCode": "47",
		"postalCodes": []
	},
	{
		"id": "48003",
		"name": "Bow River",
		"nameFr": "Bow River",
		"province": "Alberta",
		"provinceCode": "48",
		"postalCodes": []
	},
	{
		"id": "48004",
		"name": "Calgary Centre",
		"nameFr": "Calgary Centre",
		"province": "Alberta",
		"provinceCode": "48",
		"postalCodes": [
			"T2P",
			"T3C"
		]
	},
	{
		"id": "48005",
		"name": "Calgary Confederation",
		"nameFr": "Calgary Confederation",
		"province": "Alberta",
		"provinceCode": "48",
		"postalCodes": []
	},
	{
		"id": "59016",
		"name": "Langley—Aldergrove",
		"nameFr": "Langley—Aldergrove",
		"province": "British Columbia",
		"provinceCode": "59",
		"postalCodes": [
			"V1V"
		]
	},
	{
		"id": "59017",
		"name": "Mission—Matsqui—Fraser Canyon",
		"nameFr": "Mission—Matsqui—Fraser Canyon",
		"province": "British Columbia",
		"provinceCode": "59",
		"postalCodes": []
	},
	{
		"id": "59018",
		"name": "Nanaimo—Ladysmith",
		"nameFr": "Nanaimo—Ladysmith",
		"province": "British Columbia",
		"provinceCode": "59",
		"postalCodes": []
	},
	{
		"id": "59020",
		"name": "North Okanagan—Shuswap",
		"nameFr": "North Okanagan—Shuswap",
		"province": "British Columbia",
		"provinceCode": "59",
		"postalCodes": []
	},
	{
		"id": "59021",
		"name": "North Vancouver",
		"nameFr": "North Vancouver",
		"province": "British Columbia",
		"provinceCode": "59",
		"postalCodes": []
	},
	{
		"id": "48014",
		"name": "Edmonton Centre",
		"nameFr": "Edmonton Centre",
		"province": "Alberta",
		"provinceCode": "48",
		"postalCodes": []
	},
	{
		"id": "48015",
		"name": "Edmonton Griesbach",
		"nameFr": "Edmonton Griesbach",
		"province": "Alberta",
		"provinceCode": "48",
		"postalCodes": [
			"T5J"
		]
	},
	{
		"id": "48016",
		"name": "Edmonton Manning",
		"nameFr": "Edmonton Manning",
		"province": "Alberta",
		"provinceCode": "48",
		"postalCodes": []
	},
	{
		"id": "48017",
		"name": "Edmonton Mill Woods",
		"nameFr": "Edmonton Mill Woods",
		"province": "Alberta",
		"provinceCode": "48",
		"postalCodes": []
	},
	{
		"id": "59004",
		"name": "Cariboo—Prince George",
		"nameFr": "Cariboo—Prince George",
		"province": "British Columbia",
		"provinceCode": "59",
		"postalCodes": []
	},
	{
		"id": "59005",
		"name": "Central Okanagan—Similkameen—Nicola",
		"nameFr": "Central Okanagan—Similkameen—Nicola",
		"province": "British Columbia",
		"provinceCode": "59",
		"postalCodes": []
	},
	{
		"id": "59006",
		"name": "Chilliwack—Hope",
		"nameFr": "Chilliwack—Hope",
		"province": "British Columbia",
		"provinceCode": "59",
		"postalCodes": []
	},
	{
		"id": "59008",
		"name": "Coquitlam—Port Coquitlam",
		"nameFr": "Coquitlam—Port Coquitlam",
		"province": "British Columbia",
		"provinceCode": "59",
		"postalCodes": []
	},
	{
		"id": "59009",
		"name": "Courtenay—Alberni",
		"nameFr": "Courtenay—Alberni",
		"province": "British Columbia",
		"provinceCode": "59",
		"postalCodes": []
	},
	{
		"id": "59010",
		"name": "Cowichan—Malahat—Langford",
		"nameFr": "Cowichan—Malahat—Langford",
		"province": "British Columbia",
		"provinceCode": "59",
		"postalCodes": []
	},
	{
		"id": "59003",
		"name": "Burnaby South",
		"nameFr": "Burnaby South",
		"province": "British Columbia",
		"provinceCode": "59",
		"postalCodes": []
	},
	{
		"id": "59031",
		"name": "Steveston—Richmond East",
		"nameFr": "Steveston—Richmond East",
		"province": "British Columbia",
		"provinceCode": "59",
		"postalCodes": []
	},
	{
		"id": "59011",
		"name": "Delta",
		"nameFr": "Delta",
		"province": "British Columbia",
		"provinceCode": "59",
		"postalCodes": []
	},
	{
		"id": "59023",
		"name": "Port Moody—Coquitlam",
		"nameFr": "Port Moody—Coquitlam",
		"province": "British Columbia",
		"provinceCode": "59",
		"postalCodes": []
	},
	{
		"id": "59025",
		"name": "Richmond Centre",
		"nameFr": "Richmond Centre",
		"province": "British Columbia",
		"provinceCode": "59",
		"postalCodes": []
	},
	{
		"id": "59027",
		"name": "Saanich—Gulf Islands",
		"nameFr": "Saanich—Gulf Islands",
		"province": "British Columbia",
		"provinceCode": "59",
		"postalCodes": []
	},
	{
		"id": "59030",
		"name": "South Surrey—White Rock",
		"nameFr": "South Surrey—White Rock",
		"province": "British Columbia",
		"provinceCode": "59",
		"postalCodes": []
	},
	{
		"id": "59012",
		"name": "Fleetwood—Port Kells",
		"nameFr": "Fleetwood—Port Kells",
		"province": "British Columbia",
		"provinceCode": "59",
		"postalCodes": [
			"V9A"
		]
	},
	{
		"id": "59022",
		"name": "Pitt Meadows—Maple Ridge",
		"nameFr": "Pitt Meadows—Maple Ridge",
		"province": "British Columbia",
		"provinceCode": "59",
		"postalCodes": []
	},
	{
		"id": "59024",
		"name": "Prince George—Peace River—Northern Rockies",
		"nameFr": "Prince George—Peace River—Northern Rockies",
		"province": "British Columbia",
		"provinceCode": "59",
		"postalCodes": []
	},
	{
		"id": "59026",
		"name": "Esquimalt—Saanich—Sooke",
		"nameFr": "Esquimalt—Saanich—Sooke",
		"province": "British Columbia",
		"provinceCode": "59",
		"postalCodes": []
	},
	{
		"id": "48030",
		"name": "Red Deer—Lacombe",
		"nameFr": "Red Deer—Lacombe",
		"province": "Alberta",
		"provinceCode": "48",
		"postalCodes": []
	},
	{
		"id": "48031",
		"name": "St. Albert—Edmonton",
		"nameFr": "St. Albert—Edmonton",
		"province": "Alberta",
		"provinceCode": "48",
		"postalCodes": []
	},
	{
		"id": "48032",
		"name": "Sherwood Park—Fort Saskatchewan",
		"nameFr": "Sherwood Park—Fort Saskatchewan",
		"province": "Alberta",
		"provinceCode": "48",
		"postalCodes": []
	},
	{
		"id": "48033",
		"name": "Sturgeon River—Parkland",
		"nameFr": "Sturgeon River—Parkland",
		"province": "Alberta",
		"provinceCode": "48",
		"postalCodes": []
	},
	{
		"id": "48034",
		"name": "Yellowhead",
		"nameFr": "Yellowhead",
		"province": "Alberta",
		"provinceCode": "48",
		"postalCodes": [
			"T4N"
		]
	},
	{
		"id": "59001",
		"name": "Abbotsford",
		"nameFr": "Abbotsford",
		"province": "British Columbia",
		"provinceCode": "59",
		"postalCodes": []
	},
	{
		"id": "59002",
		"name": "Burnaby North—Seymour",
		"nameFr": "Burnaby North—Seymour",
		"province": "British Columbia",
		"provinceCode": "59",
		"postalCodes": [
			"V3N"
		]
	},
	{
		"id": "59019",
		"name": "New Westminster—Burnaby",
		"nameFr": "New Westminster—Burnaby",
		"province": "British Columbia",
		"provinceCode": "59",
		"postalCodes": []
	},
	{
		"id": "48007",
		"name": "Calgary Heritage",
		"nameFr": "Calgary Heritage",
		"province": "Alberta",
		"provinceCode": "48",
		"postalCodes": []
	},
	{
		"id": "59032",
		"name": "Surrey Centre",
		"nameFr": "Surrey Centre",
		"province": "British Columbia",
		"provinceCode": "59",
		"postalCodes": []
	},
	{
		"id": "59033",
		"name": "Surrey—Newton",
		"nameFr": "Surrey—Newton",
		"province": "British Columbia",
		"provinceCode": "59",
		"postalCodes": []
	},
	{
		"id": "59034",
		"name": "Vancouver Centre",
		"nameFr": "Vancouver Centre",
		"province": "British Columbia",
		"provinceCode": "59",
		"postalCodes": []
	},
	{
		"id": "59035",
		"name": "Vancouver East",
		"nameFr": "Vancouver East",
		"province": "British Columbia",
		"provinceCode": "59",
		"postalCodes": []
	},
	{
		"id": "59036",
		"name": "Vancouver Granville",
		"nameFr": "Vancouver Granville",
		"province": "British Columbia",
		"provinceCode": "59",
		"postalCodes": [
			"V6B",
			"V5K"
		]
	},
	{
		"id": "59037",
		"name": "North Island—Powell River",
		"nameFr": "North Island—Powell River",
		"province": "British Columbia",
		"provinceCode": "59",
		"postalCodes": []
	},
	{
		"id": "59038",
		"name": "Vancouver Kingsway",
		"nameFr": "Vancouver Kingsway",
		"province": "British Columbia",
		"provinceCode": "59",
		"postalCodes": []
	},
	{
		"id": "59039",
		"name": "Vancouver Quadra",
		"nameFr": "Vancouver Quadra",
		"province": "British Columbia",
		"provinceCode": "59",
		"postalCodes": []
	},
	{
		"id": "59040",
		"name": "Vancouver South",
		"nameFr": "Vancouver South",
		"province": "British Columbia",
		"provinceCode": "59",
		"postalCodes": []
	},
	{
		"id": "59041",
		"name": "Victoria",
		"nameFr": "Victoria",
		"province": "British Columbia",
		"provinceCode": "59",
		"postalCodes": []
	},
	{
		"id": "59042",
		"name": "West Vancouver—Sunshine Coast—Sea to Sky Country",
		"nameFr": "West Vancouver—Sunshine Coast—Sea to Sky Country",
		"province": "British Columbia",
		"provinceCode": "59",
		"postalCodes": [
			"V8W"
		]
	},
	{
		"id": "60001",
		"name": "Yukon",
		"nameFr": "Yukon",
		"province": "Yukon",
		"provinceCode": "60",
		"postalCodes": [
			"Y1A"
		]
	},
	{
		"id": "61001",
		"name": "Northwest Territories",
		"nameFr": "Northwest Territories",
		"province": "Northwest Territories",
		"provinceCode": "61",
		"postalCodes": [
			"X1A"
		]
	},
	{
		"id": "62001",
		"name": "Nunavut",
		"nameFr": "Nunavut",
		"province": "Nunavut",
		"provinceCode": "62",
		"postalCodes": [
			"X0A"
		]
	}
]